ID_Venda,Data_Venda,Cliente,Produto,Categoria,Regiao,Valor_Venda,Quantidade,Total
V0001,2023-12-25 00:44:51,Cliente_128,Produto_C,Alimentos,Rio Grande,294.6,2,589.2
V0002,2024-08-16 05:57:44,Cliente_177,Produto_E,Móveis,Erechim,169.74,3,509.22
V0003,2023-01-01 16:51:03,Cliente_84,Produto_B,Roupas,Curitiba,130.78,3,392.34
V0004,2024-11-07 23:37:58,Cliente_78,Produto_A,Eletrônicos,Curitiba,510.95,2,1021.9
V0005,2023-03-25 07:51:39,Cliente_138,Produto_D,Eletrônicos,Curitiba,228.76,3,686.28
V0006,2023-11-23 13:34:47,Cliente_33,Produto_E,Beleza,Curitiba,405.2,3,1215.6
V0007,2024-06-06 12:43:28,Cliente_34,Produto_B,Móveis,Rio Grande,785.13,4,3140.52
V0008,2023-03-09 12:56:22,Cliente_134,Produto_D,Beleza,Erechim,992.72,4,3970.88
V0009,2024-11-24 07:17:45,Cliente_85,Produto_D,Alimentos,Rio Grande,298.52,1,298.52
V0010,2023-07-11 00:59:06,Cliente_136,Produto_B,Eletrônicos,Erechim,59.81,1,59.81
V0011,2023-04-25 15:38:32,Cliente_183,Produto_B,Móveis,Rio Grande,328.54,5,1642.7
V0012,2024-07-15 05:37:11,Cliente_35,Produto_A,Eletrônicos,Erechim,965.21,3,2895.63
V0013,2023-01-08 11:33:41,Cliente_185,Produto_D,Beleza,Rio Grande,147.46,2,294.92
V0014,2023-11-30 02:53:03,Cliente_91,Produto_B,Alimentos,Erechim,932.4,3,2797.2
V0015,2023-10-02 19:27:49,Cliente_5,Produto_A,Eletrônicos,Erechim,525.19,3,1575.57
V0016,2024-10-27 16:21:24,Cliente_200,Produto_B,Beleza,Erechim,634.85,1,634.85
V0017,2024-06-25 15:01:14,Cliente_86,Produto_A,Eletrônicos,Erechim,623.79,2,1247.58
V0018,2023-01-03 19:45:30,Cliente_136,Produto_A,Beleza,Rio Grande,686.74,5,3433.7
V0019,2024-06-04 21:42:02,Cliente_167,Produto_A,Móveis,Rio Grande,115.03,5,575.15
V0020,2023-08-29 07:33:31,Cliente_101,Produto_E,Beleza,Rio Grande,26.42,5,132.10
V0021,2023-10-08 13:21:21,Cliente_41,Produto_C,Móveis,Rio Grande,137.48,2,274.96
V0022,2023-02-17 08:59:53,Cliente_132,Produto_E,Alimentos,Viamão,844.05,1,844.05
V0023,2023-03-29 07:28:49,Cliente_175,Produto_B,Beleza,Rio Grande,915.54,3,2746.62
V0024,2023-05-12 14:47:29,Cliente_100,Produto_D,Alimentos,Rio Grande,811.61,1,811.61
V0025,2023-08-28 17:49:02,Cliente_59,Produto_C,Roupas,Rio Grande,368.34,1,368.34
V0026,2024-04-23 10:43:11,Cliente_143,Produto_A,Beleza,Rio Grande,553.32,2,1106.64
V0027,2023-07-31 00:16:40,Cliente_20,Produto_D,Roupas,Rio Grande,932.62,1,932.62
V0028,2024-03-24 03:17:51,Cliente_95,Produto_B,Eletrônicos,Rio Grande,356.72,4,1426.88
V0029,2024-01-27 15:28:48,Cliente_155,Produto_B,Eletrônicos,Erechim,424.44,4,1697.76
V0030,2023-08-07 00:11:13,Cliente_64,Produto_C,Roupas,Curitiba,105.45,4,421.8
V0031,2024-06-25 19:59:58,Cliente_27,Produto_E,Móveis,Curitiba,730.05,5,3650.25
V0032,2024-09-17 04:53:52,Cliente_40,Produto_D,Alimentos,Curitiba,47.02,4,188.08
V0033,2024-03-25 07:49:55,Cliente_58,Produto_D,Alimentos,Curitiba,520.44,1,520.44
V0034,2024-01-17 16:43:19,Cliente_137,Produto_C,Roupas,Rio Grande,921.99,1,921.99
V0035,2024-12-12 23:26:19,Cliente_187,Produto_E,Roupas,Erechim,82.67,1,82.67
V0036,2023-03-25 12:21:29,Cliente_144,Produto_B,Beleza,Rio Grande,303.19,5,1515.95
V0037,2024-04-08 06:10:17,Cliente_103,Produto_B,Roupas,Erechim,109.76,3,329.28
V0038,2023-01-20 11:21:08,Cliente_60,Produto_D,Móveis,Rio Grande,377.15,1,377.15
V0039,2023-11-26 12:00:35,Cliente_134,Produto_B,Alimentos,Erechim,651.57,4,2606.28
V0040,2023-07-16 21:47:44,Cliente_57,Produto_A,Beleza,Rio Grande,53.44,1,53.44
V0041,2023-03-22 04:38:47,Cliente_187,Produto_E,Alimentos,Erechim,137.4,2,274.8
V0042,2023-01-12 08:59:58,Cliente_160,Produto_E,Beleza,Erechim,23.01,2,46.02
V0043,2023-11-23 17:45:03,Cliente_120,Produto_E,Roupas,Erechim,616.87,2,1233.74
V0044,2024-01-14 19:50:48,Cliente_162,Produto_B,Roupas,Erechim,172.76,5,863.8
V0045,2023-11-12 18:48:13,Cliente_174,Produto_B,Móveis,Rio Grande,50.54,5,252.7
V0046,2024-01-02 17:42:53,Cliente_165,Produto_C,Eletrônicos,Rio Grande,565.18,4,2260.72
V0047,2024-03-22 02:24:21,Cliente_145,Produto_B,Beleza,Rio Grande,454.67,4,1818.68
V0048,2024-03-21 20:09:15,Cliente_106,Produto_E,Eletrônicos,Rio Grande,361.64,2,723.28
V0049,2024-06-21 23:38:43,Cliente_123,Produto_D,Móveis,Viamão,368.2,2,736.4
V0050,2024-06-29 05:19:20,Cliente_5,Produto_D,Eletrônicos,Rio Grande,652.96,5,3264.8
V0051,2024-01-25 11:54:01,Cliente_154,Produto_D,Alimentos,Rio Grande,763.35,4,3053.4
V0052,2023-12-09 13:50:30,Cliente_26,Produto_B,Móveis,Erechim,73.36,5,366.8
V0053,2024-02-15 23:37:01,Cliente_107,Produto_A,Eletrônicos,Curitiba,654.49,5,3272.45
V0054,2024-12-21 18:57:07,Cliente_30,Produto_D,Roupas,Curitiba,828.22,1,828.22
V0055,2024-06-18 01:05:00,Cliente_78,Produto_A,Móveis,Curitiba,272.99,3,818.97
V0056,2023-09-24 19:33:41,Cliente_158,Produto_D,Móveis,Curitiba,226.87,4,907.48
V0057,2024-08-15 13:10:38,Cliente_152,Produto_B,Móveis,Rio Grande,450.03,2,900.06
V0058,2023-10-12 10:30:44,Cliente_80,Produto_E,Roupas,Erechim,65.08,5,325.4
V0059,2024-04-05 23:07:11,Cliente_188,Produto_E,Beleza,Rio Grande,105.97,5,529.85
V0060,2024-09-23 21:13:02,Cliente_161,Produto_B,Alimentos,Erechim,109.14,5,545.7
V0061,2024-05-26 06:44:47,Cliente_44,Produto_D,Alimentos,Rio Grande,225.71,4,902.84
V0062,2023-12-17 07:00:20,Cliente_48,Produto_A,Beleza,Erechim,784.0,2,1568.0
V0063,2023-03-18 03:51:02,Cliente_192,Produto_C,Roupas,Rio Grande,854.72,3,2564.16
V0064,2024-08-06 03:37:00,Cliente_8,Produto_A,Móveis,Erechim,273.34,5,1366.69
V0065,2023-09-05 03:30:39,Cliente_177,Produto_D,Móveis,Erechim,446.27,3,1338.81
V0066,2024-03-04 22:26:26,Cliente_29,Produto_E,Móveis,Erechim,422.99,2,845.98
V0067,2023-09-18 06:31:53,Cliente_179,Produto_C,Beleza,Erechim,418.28,1,418.28
V0068,2023-06-27 14:42:13,Cliente_65,Produto_A,Alimentos,Rio Grande,852.59,3,2557.77
V0069,2024-02-02 11:20:55,Cliente_114,Produto_C,Alimentos,Rio Grande,824.7,2,1649.4
V0070,2023-11-23 20:54:07,Cliente_129,Produto_D,Alimentos,Rio Grande,912.89,3,2738.67
V0071,2023-10-26 03:35:43,Cliente_53,Produto_D,Roupas,Rio Grande,836.0,2,1672.0
V0072,2023-04-25 17:47:44,Cliente_82,Produto_D,Roupas,Viamão,77.5,1,77.5
V0073,2024-11-16 20:48:46,Cliente_150,Produto_A,Móveis,Rio Grande,19.7,4,78.8
V0074,2024-02-29 05:50:46,Cliente_70,Produto_D,Alimentos,Rio Grande,513.32,5,2566.60
V0075,2024-04-02 19:34:39,Cliente_112,Produto_C,Alimentos,Rio Grande,203.68,2,407.36
V0076,2024-04-19 08:24:46,Cliente_66,Produto_B,Roupas,Rio Grande,330.73,5,1653.65
V0077,2023-11-11 21:29:35,Cliente_14,Produto_C,Eletrônicos,Rio Grande,630.82,1,630.82
V0078,2024-04-02 05:46:23,Cliente_86,Produto_C,Roupas,Rio Grande,31.06,2,62.12
V0079,2023-02-03 13:33:38,Cliente_30,Produto_C,Eletrônicos,Erechim,240.35,1,240.35
V0080,2024-06-01 04:34:42,Cliente_87,Produto_A,Beleza,Curitiba,898.34,1,898.34
V0081,2024-03-07 11:09:14,Cliente_137,Produto_C,Eletrônicos,Curitiba,544.04,1,544.04
V0082,2023-02-27 02:52:55,Cliente_101,Produto_E,Móveis,Curitiba,574.18,5,2870.89
V0083,2023-04-23 01:33:27,Cliente_73,Produto_A,Roupas,Curitiba,744.28,3,2232.84
V0084,2023-04-25 00:37:58,Cliente_191,Produto_D,Roupas,Rio Grande,693.3,2,1386.6
V0085,2024-01-27 08:21:57,Cliente_188,Produto_C,Alimentos,Erechim,637.83,4,2551.32
V0086,2023-01-22 21:54:20,Cliente_62,Produto_D,Móveis,Rio Grande,721.84,3,2165.52
V0087,2024-06-08 12:37:57,Cliente_108,Produto_C,Móveis,Erechim,559.94,3,1679.82
V0088,2023-08-27 16:28:28,Cliente_64,Produto_D,Alimentos,Rio Grande,354.58,2,709.16
V0089,2024-09-15 13:50:02,Cliente_160,Produto_E,Alimentos,Erechim,654.04,1,654.04
V0090,2023-11-08 04:47:10,Cliente_162,Produto_A,Roupas,Rio Grande,588.46,1,588.46
V0091,2023-03-30 16:04:45,Cliente_97,Produto_D,Alimentos,Erechim,329.33,3,987.99
V0092,2023-03-22 03:43:13,Cliente_9,Produto_A,Móveis,Erechim,912.94,2,1825.88
V0093,2024-01-19 04:46:21,Cliente_46,Produto_C,Beleza,Erechim,904.74,3,2714.22
V0094,2023-04-08 10:46:04,Cliente_136,Produto_C,Beleza,Erechim,11.89,2,23.78
V0095,2023-01-13 06:50:54,Cliente_75,Produto_A,Alimentos,Rio Grande,551.05,4,2204.2
V0096,2023-08-09 19:47:53,Cliente_75,Produto_C,Roupas,Rio Grande,467.57,4,1870.28
V0097,2024-12-28 11:40:01,Cliente_78,Produto_A,Eletrônicos,Rio Grande,929.21,3,2787.63
V0098,2024-07-08 19:30:56,Cliente_198,Produto_A,Beleza,Rio Grande,237.18,2,474.36
V0099,2023-03-10 14:35:30,Cliente_73,Produto_D,Eletrônicos,Viamão,752.4,3,2257.2
V0100,2024-01-04 00:44:08,Cliente_186,Produto_A,Roupas,Rio Grande,629.12,1,629.12
V0101,2023-12-20 21:45:56,Cliente_38,Produto_A,Beleza,Rio Grande,628.16,3,1884.48
V0102,2023-01-05 22:16:19,Cliente_143,Produto_E,Beleza,Erechim,156.36,4,625.44
V0103,2024-10-12 04:11:28,Cliente_116,Produto_E,Alimentos,Curitiba,893.97,3,2681.91
V0104,2024-01-13 18:57:31,Cliente_79,Produto_B,Alimentos,Curitiba,965.85,5,4829.25
V0105,2024-08-21 01:59:01,Cliente_140,Produto_C,Móveis,Curitiba,392.42,1,392.42
V0106,2023-03-27 04:41:06,Cliente_119,Produto_A,Alimentos,Curitiba,404.6,2,809.2
V0107,2023-07-19 03:43:08,Cliente_183,Produto_B,Móveis,Rio Grande,587.56,5,2937.79
V0108,2024-10-30 21:16:20,Cliente_39,Produto_A,Roupas,Erechim,486.4,1,486.4
V0109,2024-04-13 12:35:08,Cliente_190,Produto_C,Alimentos,Rio Grande,602.42,4,2409.68
V0110,2023-05-19 09:52:16,Cliente_4,Produto_D,Beleza,Erechim,743.98,2,1487.96
V0111,2023-01-25 21:40:40,Cliente_78,Produto_D,Eletrônicos,Rio Grande,726.91,2,1453.82
V0112,2023-07-03 14:25:39,Cliente_13,Produto_E,Beleza,Erechim,513.16,3,1539.48
V0113,2024-05-05 09:56:01,Cliente_154,Produto_E,Eletrônicos,Rio Grande,356.52,2,713.04
V0114,2023-06-02 20:53:09,Cliente_44,Produto_B,Roupas,Erechim,547.38,5,2736.9
V0115,2023-04-29 07:27:26,Cliente_126,Produto_B,Alimentos,Erechim,410.12,4,1640.48
V0116,2023-07-09 23:56:49,Cliente_194,Produto_C,Roupas,Erechim,567.88,4,2271.52
V0117,2024-11-26 06:05:46,Cliente_166,Produto_A,Eletrônicos,Erechim,37.21,3,111.63
V0118,2023-07-30 17:37:54,Cliente_105,Produto_D,Beleza,Rio Grande,776.41,4,3105.64
V0119,2023-09-13 17:48:22,Cliente_21,Produto_C,Roupas,Rio Grande,811.91,5,4059.54
V0120,2023-07-06 01:40:22,Cliente_66,Produto_A,Beleza,Rio Grande,897.73,5,4488.65
V0121,2023-10-21 20:57:15,Cliente_198,Produto_A,Eletrônicos,Rio Grande,646.25,4,2585.0
V0122,2023-06-17 17:00:36,Cliente_156,Produto_A,Eletrônicos,Viamão,104.52,5,522.6
V0123,2023-12-26 16:02:58,Cliente_171,Produto_D,Eletrônicos,Rio Grande,354.03,1,354.03
V0124,2023-06-22 22:04:50,Cliente_30,Produto_E,Roupas,Rio Grande,260.4,2,520.8
V0125,2024-12-01 23:38:47,Cliente_136,Produto_A,Roupas,Rio Grande,587.98,1,587.98
V0126,2024-05-10 12:20:52,Cliente_30,Produto_C,Beleza,Rio Grande,184.64,3,553.92
V0127,2024-03-10 20:46:25,Cliente_121,Produto_D,Beleza,Rio Grande,35.49,3,106.47
V0128,2023-01-11 13:19:31,Cliente_36,Produto_C,Beleza,Rio Grande,539.58,4,2158.32
V0129,2023-07-02 00:48:50,Cliente_178,Produto_E,Alimentos,Erechim,339.54,5,1697.7
V0130,2024-03-10 03:36:38,Cliente_181,Produto_D,Eletrônicos,Curitiba,722.18,2,1444.36
V0131,2024-07-10 17:23:54,Cliente_114,Produto_B,Eletrônicos,Curitiba,436.64,5,2183.2
V0132,2024-04-15 09:07:42,Cliente_149,Produto_C,Eletrônicos,Curitiba,561.26,2,1122.52
V0133,2023-05-25 09:24:56,Cliente_74,Produto_E,Eletrônicos,Curitiba,732.04,4,2928.16
V0134,2023-11-11 06:52:08,Cliente_114,Produto_E,Beleza,Rio Grande,62.98,3,188.94
V0135,2024-07-14 02:05:16,Cliente_126,Produto_E,Móveis,Erechim,650.48,3,1951.44
V0136,2024-01-21 02:42:32,Cliente_127,Produto_D,Roupas,Rio Grande,98.37,4,393.48
V0137,2024-05-02 22:40:14,Cliente_36,Produto_E,Eletrônicos,Erechim,655.83,4,2623.32
V0138,2024-04-12 17:43:29,Cliente_60,Produto_A,Eletrônicos,Rio Grande,611.15,1,611.15
V0139,2024-10-02 04:18:01,Cliente_111,Produto_C,Beleza,Erechim,541.54,3,1624.62
V0140,2024-11-09 05:38:23,Cliente_76,Produto_D,Eletrônicos,Rio Grande,851.67,1,851.67
V0141,2024-02-21 21:13:17,Cliente_23,Produto_E,Móveis,Erechim,78.62,5,393.1
V0142,2024-02-21 03:42:42,Cliente_90,Produto_C,Eletrônicos,Erechim,149.45,5,747.25
V0143,2024-02-28 22:55:54,Cliente_71,Produto_D,Beleza,Erechim,299.89,1,299.89
V0144,2023-08-22 03:03:52,Cliente_95,Produto_B,Móveis,Erechim,537.6,3,1612.80
V0145,2024-01-21 15:04:29,Cliente_143,Produto_B,Eletrônicos,Rio Grande,10.03,4,40.12
V0146,2024-12-13 11:49:56,Cliente_168,Produto_B,Móveis,Rio Grande,940.87,5,4704.35
V0147,2023-03-19 09:59:57,Cliente_165,Produto_A,Roupas,Rio Grande,210.19,1,210.19
V0148,2023-07-23 20:45:11,Cliente_155,Produto_C,Alimentos,Rio Grande,251.19,2,502.38
V0149,2024-07-24 10:16:13,Cliente_7,Produto_A,Roupas,Viamão,149.18,2,298.36
V0150,2024-03-15 19:46:25,Cliente_133,Produto_C,Eletrônicos,Rio Grande,870.63,5,4353.15
V0151,2024-08-09 05:53:45,Cliente_156,Produto_E,Móveis,Rio Grande,630.78,1,630.78
V0152,2023-12-26 18:51:46,Cliente_45,Produto_C,Beleza,Erechim,724.44,4,2897.76
V0153,2023-08-20 19:35:11,Cliente_50,Produto_B,Móveis,Curitiba,600.85,3,1802.55
V0154,2023-09-26 22:20:21,Cliente_141,Produto_D,Roupas,Curitiba,288.57,3,865.71
V0155,2024-07-16 20:22:20,Cliente_160,Produto_B,Eletrônicos,Curitiba,167.91,1,167.91
V0156,2023-11-30 05:39:43,Cliente_16,Produto_D,Roupas,Curitiba,264.92,4,1059.68
V0157,2024-08-11 03:36:38,Cliente_35,Produto_A,Móveis,Rio Grande,161.34,1,161.34
V0158,2023-04-24 19:24:56,Cliente_148,Produto_E,Roupas,Erechim,303.97,5,1519.85
V0159,2024-10-05 21:50:38,Cliente_152,Produto_B,Alimentos,Rio Grande,874.49,1,874.49
V0160,2023-07-09 15:09:53,Cliente_127,Produto_B,Roupas,Erechim,961.95,4,3847.8
V0161,2024-02-11 03:31:43,Cliente_134,Produto_A,Roupas,Rio Grande,622.26,5,3111.3
V0162,2023-07-13 10:10:18,Cliente_166,Produto_E,Beleza,Erechim,56.41,4,225.64
V0163,2023-08-05 15:40:03,Cliente_67,Produto_E,Beleza,Rio Grande,936.67,2,1873.34
V0164,2024-12-08 21:56:39,Cliente_167,Produto_C,Eletrônicos,Erechim,346.14,5,1730.69
V0165,2023-01-26 11:26:23,Cliente_20,Produto_E,Beleza,Erechim,62.82,3,188.46
V0166,2023-01-20 09:37:42,Cliente_78,Produto_D,Móveis,Erechim,744.08,1,744.08
V0167,2024-03-08 07:26:12,Cliente_171,Produto_A,Eletrônicos,Erechim,390.42,3,1171.26
V0168,2024-02-26 17:16:32,Cliente_184,Produto_D,Beleza,Rio Grande,964.57,3,2893.71
V0169,2024-07-04 14:18:01,Cliente_181,Produto_C,Alimentos,Rio Grande,281.52,2,563.04
V0170,2023-05-07 14:12:26,Cliente_2,Produto_E,Beleza,Rio Grande,405.55,2,811.1
V0171,2024-08-28 21:36:38,Cliente_100,Produto_C,Eletrônicos,Rio Grande,889.66,2,1779.32
V0172,2023-03-03 19:27:01,Cliente_45,Produto_B,Roupas,Viamão,214.24,2,428.48
V0173,2023-10-21 11:37:44,Cliente_79,Produto_D,Alimentos,Rio Grande,377.29,1,377.29
V0174,2024-12-16 06:52:47,Cliente_147,Produto_C,Beleza,Rio Grande,450.57,3,1351.71
V0175,2023-04-28 09:47:01,Cliente_88,Produto_B,Roupas,Rio Grande,142.33,2,284.66
V0176,2024-04-19 18:24:09,Cliente_176,Produto_B,Roupas,Rio Grande,227.87,3,683.61
V0177,2023-04-04 00:41:51,Cliente_37,Produto_A,Eletrônicos,Rio Grande,487.84,2,975.68
V0178,2023-09-16 01:20:15,Cliente_112,Produto_E,Móveis,Rio Grande,660.53,2,1321.06
V0179,2023-03-23 11:03:45,Cliente_145,Produto_E,Móveis,Erechim,264.58,1,264.58
V0180,2024-09-26 11:14:25,Cliente_25,Produto_D,Móveis,Curitiba,374.51,3,1123.53
V0181,2024-05-16 07:45:51,Cliente_6,Produto_E,Eletrônicos,Curitiba,219.66,5,1098.3
V0182,2023-11-10 18:19:47,Cliente_53,Produto_C,Móveis,Curitiba,553.17,4,2212.68
V0183,2024-07-31 21:08:19,Cliente_28,Produto_D,Alimentos,Curitiba,252.73,2,505.46
V0184,2024-08-29 10:51:19,Cliente_51,Produto_E,Eletrônicos,Rio Grande,724.02,3,2172.06
V0185,2023-02-06 17:53:33,Cliente_180,Produto_E,Alimentos,Erechim,783.15,5,3915.75
V0186,2023-06-11 07:37:37,Cliente_81,Produto_A,Móveis,Rio Grande,643.97,2,1287.94
V0187,2024-04-05 05:38:37,Cliente_136,Produto_B,Roupas,Erechim,790.49,4,3161.96
V0188,2023-10-23 03:22:30,Cliente_146,Produto_B,Beleza,Rio Grande,693.74,5,3468.7
V0189,2023-06-06 05:01:57,Cliente_142,Produto_E,Beleza,Erechim,974.92,3,2924.75
V0190,2023-08-13 17:12:34,Cliente_17,Produto_A,Beleza,Rio Grande,661.71,2,1323.42
V0191,2023-01-10 08:05:08,Cliente_158,Produto_B,Roupas,Erechim,900.1,4,3600.4
V0192,2023-12-28 03:52:51,Cliente_200,Produto_E,Móveis,Erechim,97.81,3,293.43
V0193,2024-12-17 16:58:18,Cliente_134,Produto_C,Eletrônicos,Erechim,671.93,1,671.93
V0194,2024-09-25 05:15:42,Cliente_121,Produto_A,Eletrônicos,Erechim,273.7,2,547.4
V0195,2024-03-11 01:32:01,Cliente_37,Produto_E,Alimentos,Rio Grande,893.88,4,3575.52
V0196,2024-03-20 04:34:13,Cliente_125,Produto_C,Roupas,Rio Grande,688.38,2,1376.76
V0197,2024-07-03 09:46:08,Cliente_15,Produto_B,Roupas,Rio Grande,843.44,5,4217.20
V0198,2023-05-03 01:29:08,Cliente_46,Produto_B,Móveis,Rio Grande,359.05,5,1795.25
V0199,2023-01-12 04:52:18,Cliente_80,Produto_D,Roupas,Viamão,372.93,1,372.93
V0200,2023-08-01 16:17:26,Cliente_50,Produto_E,Móveis,Rio Grande,361.8,5,1809.0
V0201,2023-09-17 06:30:50,Cliente_132,Produto_E,Alimentos,Rio Grande,792.66,4,3170.64
V0202,2024-07-14 06:52:54,Cliente_39,Produto_A,Beleza,Erechim,628.34,3,1885.02
V0203,2023-12-14 04:53:36,Cliente_165,Produto_D,Eletrônicos,Curitiba,360.05,2,720.1
V0204,2024-11-21 10:52:24,Cliente_100,Produto_E,Alimentos,Curitiba,675.47,3,2026.41
V0205,2024-02-27 04:57:42,Cliente_22,Produto_B,Roupas,Curitiba,140.39,4,561.56
V0206,2023-08-27 02:21:21,Cliente_149,Produto_D,Roupas,Curitiba,863.98,1,863.98
V0207,2023-01-08 20:06:26,Cliente_30,Produto_B,Roupas,Rio Grande,823.4,5,4117.0
V0208,2023-01-26 17:12:21,Cliente_4,Produto_B,Móveis,Erechim,467.07,1,467.07
V0209,2023-05-27 01:05:31,Cliente_33,Produto_C,Alimentos,Rio Grande,97.32,2,194.64
V0210,2024-05-18 08:04:00,Cliente_100,Produto_B,Alimentos,Erechim,519.98,4,2079.92
V0211,2023-01-30 20:42:44,Cliente_12,Produto_D,Beleza,Rio Grande,510.89,4,2043.56
V0212,2023-12-20 20:28:41,Cliente_55,Produto_B,Roupas,Erechim,265.53,3,796.58
V0213,2024-07-31 14:00:54,Cliente_153,Produto_D,Beleza,Rio Grande,463.54,3,2043.56
V0214,2023-09-21 03:19:53,Cliente_146,Produto_B,Roupas,Erechim,318.85,2,637.7
V0215,2024-10-24 09:43:05,Cliente_49,Produto_D,Alimentos,Erechim,907.25,5,4536.25
V0216,2024-03-12 09:09:57,Cliente_163,Produto_C,Roupas,Erechim,676.08,1,676.08
V0217,2024-11-16 21:02:52,Cliente_25,Produto_B,Móveis,Erechim,612.5,1,612.5
V0218,2024-11-20 13:54:37,Cliente_5,Produto_B,Alimentos,Rio Grande,835.62,3,2506.86
V0219,2024-06-17 16:14:07,Cliente_162,Produto_D,Móveis,Rio Grande,730.09,3,2190.27
V0220,2024-03-11 03:26:54,Cliente_47,Produto_C,Eletrônicos,Rio Grande,350.29,2,700.58
V0221,2024-01-12 22:30:39,Cliente_197,Produto_B,Beleza,Rio Grande,766.87,3,2300.61
V0222,2024-03-19 06:53:26,Cliente_192,Produto_B,Beleza,Viamão,957.43,3,2872.29
V0223,2023-09-26 16:26:47,Cliente_52,Produto_B,Móveis,Rio Grande,53.03,1,53.03
V0224,2023-12-21 16:12:51,Cliente_104,Produto_D,Alimentos,Rio Grande,561.79,2,1123.58
V0225,2024-07-18 11:55:55,Cliente_199,Produto_E,Alimentos,Rio Grande,672.34,1,672.34
V0226,2024-04-07 09:48:47,Cliente_153,Produto_D,Móveis,Rio Grande,783.9,1,783.9
V0227,2024-12-27 07:58:44,Cliente_3,Produto_B,Alimentos,Rio Grande,672.24,2,1344.48
V0228,2024-07-09 10:05:54,Cliente_93,Produto_E,Móveis,Rio Grande,456.88,1,456.88
V0229,2024-07-08 09:06:14,Cliente_173,Produto_D,Beleza,Erechim,231.52,3,2043.56
V0230,2024-02-04 19:57:10,Cliente_36,Produto_D,Alimentos,Curitiba,984.33,1,984.33
V0231,2024-02-15 20:50:39,Cliente_158,Produto_A,Eletrônicos,Curitiba,698.83,4,2795.32
V0232,2024-11-18 12:15:12,Cliente_33,Produto_A,Eletrônicos,Curitiba,840.75,1,840.75
V0233,2024-12-22 16:41:36,Cliente_8,Produto_A,Alimentos,Curitiba,224.92,4,899.68
V0234,2024-12-22 05:34:07,Cliente_32,Produto_E,Beleza,Rio Grande,934.88,1,934.88
V0235,2024-02-29 16:53:45,Cliente_22,Produto_A,Beleza,Erechim,791.52,5,3957.6
V0236,2023-03-02 09:17:37,Cliente_35,Produto_A,Móveis,Rio Grande,687.86,3,2063.58
V0237,2024-09-15 13:47:14,Cliente_75,Produto_C,Móveis,Erechim,474.71,1,474.71
V0238,2024-02-07 08:05:36,Cliente_92,Produto_A,Alimentos,Rio Grande,785.95,2,1571.9
V0239,2023-08-19 01:36:32,Cliente_20,Produto_E,Roupas,Erechim,406.32,3,1218.96
V0240,2024-07-23 07:23:14,Cliente_139,Produto_E,Eletrônicos,Rio Grande,738.83,5,3694.15
V0241,2023-03-30 07:15:41,Cliente_147,Produto_E,Eletrônicos,Erechim,573.92,1,573.92
V0242,2024-11-03 23:01:53,Cliente_79,Produto_C,Alimentos,Erechim,352.07,4,1408.28
V0243,2024-12-06 08:49:57,Cliente_129,Produto_E,Móveis,Erechim,467.44,4,1869.76
V0244,2023-01-15 16:16:44,Cliente_119,Produto_E,Roupas,Erechim,398.41,1,398.41
V0245,2023-02-26 06:19:14,Cliente_52,Produto_A,Roupas,Rio Grande,436.07,1,436.07
V0246,2023-09-18 15:06:18,Cliente_66,Produto_B,Roupas,Rio Grande,122.06,1,122.06
V0247,2023-07-22 09:04:51,Cliente_176,Produto_E,Beleza,Rio Grande,749.42,2,1498.84
V0248,2023-05-07 11:10:10,Cliente_129,Produto_E,Roupas,Rio Grande,517.66,2,1035.32
V0249,2024-05-07 11:15:06,Cliente_183,Produto_D,Eletrônicos,Viamão,600.92,2,1201.84
V0250,2023-04-17 21:49:23,Cliente_183,Produto_C,Móveis,Rio Grande,355.66,5,2043.56
V0251,2023-03-19 00:14:56,Cliente_181,Produto_D,Roupas,Rio Grande,353.03,5,2043.56
V0252,2023-05-25 16:34:55,Cliente_130,Produto_D,Alimentos,Erechim,806.0,4,3224.0
V0253,2023-09-08 10:18:36,Cliente_176,Produto_E,Alimentos,Curitiba,348.42,5,2043.56
V0254,2024-07-05 09:47:23,Cliente_156,Produto_B,Móveis,Curitiba,671.59,4,2686.36
V0255,2023-04-29 10:12:48,Cliente_160,Produto_B,Eletrônicos,Curitiba,367.56,3,1102.68
V0256,2024-10-06 18:57:13,Cliente_140,Produto_A,Beleza,Curitiba,484.18,5,2420.9
V0257,2023-02-10 02:58:01,Cliente_183,Produto_A,Beleza,Rio Grande,966.77,5,4833.85
V0258,2023-02-26 09:36:59,Cliente_143,Produto_A,Móveis,Erechim,470.94,3,1412.82
V0259,2024-08-23 18:16:57,Cliente_177,Produto_A,Alimentos,Rio Grande,687.68,3,2063.04
V0260,2024-06-04 23:11:18,Cliente_155,Produto_C,Alimentos,Erechim,631.56,1,631.56
V0261,2023-09-02 02:18:50,Cliente_189,Produto_A,Beleza,Rio Grande,104.3,3,312.9
V0262,2023-02-28 03:32:20,Cliente_30,Produto_E,Beleza,Erechim,289.8,5,1449.0
V0263,2023-12-30 07:30:52,Cliente_111,Produto_E,Móveis,Rio Grande,189.14,4,756.56
V0264,2024-04-01 23:56:57,Cliente_11,Produto_A,Beleza,Erechim,95.93,5,2063.04
V0265,2023-07-17 23:37:16,Cliente_92,Produto_A,Móveis,Erechim,437.88,4,1751.52
V0266,2024-10-21 09:58:50,Cliente_89,Produto_C,Móveis,Erechim,520.5,2,1041.0
V0267,2023-03-07 16:00:55,Cliente_198,Produto_A,Beleza,Erechim,992.88,5,4964.4
V0268,2024-09-01 09:16:10,Cliente_180,Produto_C,Roupas,Rio Grande,946.47,4,3785.88
V0269,2023-05-09 16:57:41,Cliente_5,Produto_A,Beleza,Rio Grande,633.94,2,1267.88
V0270,2024-11-16 04:14:01,Cliente_197,Produto_D,Móveis,Rio Grande,940.23,2,1880.46
V0271,2023-01-18 16:49:13,Cliente_65,Produto_A,Eletrônicos,Rio Grande,999.13,3,2997.39
V0272,2023-06-18 07:26:28,Cliente_192,Produto_C,Beleza,Viamão,219.89,4,879.56
V0273,2024-12-28 11:23:40,Cliente_2,Produto_A,Roupas,Rio Grande,444.02,2,888.04
V0274,2024-08-01 06:13:30,Cliente_15,Produto_D,Alimentos,Rio Grande,848.97,1,848.97
V0275,2023-05-19 08:27:22,Cliente_91,Produto_C,Beleza,Rio Grande,116.93,4,467.72
V0276,2024-05-07 07:40:45,Cliente_199,Produto_A,Beleza,Rio Grande,91.04,2,182.08
V0277,2024-05-31 07:53:48,Cliente_123,Produto_E,Beleza,Rio Grande,726.84,4,2907.36
V0278,2023-04-23 21:53:36,Cliente_157,Produto_A,Alimentos,Rio Grande,542.37,5,2711.85
V0279,2024-02-14 22:58:02,Cliente_173,Produto_E,Alimentos,Erechim,627.04,5,3135.2
V0280,2023-01-09 08:10:49,Cliente_121,Produto_D,Alimentos,Curitiba,773.37,3,2320.11
V0281,2024-04-20 21:22:05,Cliente_153,Produto_C,Móveis,Curitiba,302.13,4,1208.52
V0282,2023-09-10 00:48:47,Cliente_70,Produto_C,Móveis,Curitiba,963.53,2,1927.06
V0283,2024-03-21 17:18:10,Cliente_49,Produto_C,Beleza,Curitiba,491.05,5,2455.25
V0284,2024-09-05 04:27:38,Cliente_129,Produto_E,Beleza,Rio Grande,511.92,4,2047.68
V0285,2023-08-04 15:01:48,Cliente_192,Produto_C,Roupas,Erechim,802.29,2,1604.58
V0286,2023-05-15 04:43:26,Cliente_63,Produto_E,Móveis,Rio Grande,733.53,4,2934.12
V0287,2024-09-14 18:31:40,Cliente_67,Produto_D,Roupas,Erechim,46.89,2,93.78
V0288,2023-01-20 00:03:18,Cliente_195,Produto_E,Roupas,Rio Grande,619.62,3,2063.04
V0289,2024-05-30 23:18:51,Cliente_182,Produto_D,Alimentos,Erechim,564.6,4,2258.4
V0290,2023-02-27 15:59:05,Cliente_10,Produto_C,Eletrônicos,Rio Grande,370.36,3,1111.08
V0291,2024-02-18 20:43:25,Cliente_169,Produto_D,Eletrônicos,Erechim,521.7,5,2608.5
V0292,2023-05-19 08:16:29,Cliente_54,Produto_A,Beleza,Erechim,708.31,4,2833.24
V0293,2024-10-28 12:26:29,Cliente_11,Produto_E,Alimentos,Erechim,917.22,1,917.22
V0294,2024-05-17 15:18:08,Cliente_27,Produto_C,Eletrônicos,Erechim,205.09,4,820.36
V0295,2023-07-16 01:13:56,Cliente_161,Produto_A,Eletrônicos,Rio Grande,493.23,1,493.23
V0296,2023-09-28 01:31:19,Cliente_83,Produto_C,Beleza,Rio Grande,495.55,4,1982.2
V0297,2023-10-24 12:04:33,Cliente_31,Produto_C,Beleza,Rio Grande,239.67,1,239.67
V0298,2023-01-04 03:11:03,Cliente_54,Produto_C,Alimentos,Rio Grande,923.43,2,1846.86
V0299,2024-02-11 13:56:25,Cliente_99,Produto_D,Móveis,Viamão,63.64,2,127.28
V0300,2023-09-22 19:52:13,Cliente_121,Produto_C,Roupas,Rio Grande,109.28,3,2063.04
V0301,2024-08-02 17:33:27,Cliente_147,Produto_D,Alimentos,Rio Grande,534.25,1,534.25
V0302,2023-01-29 19:18:59,Cliente_41,Produto_E,Beleza,Erechim,894.45,4,3577.8
V0303,2023-05-29 03:27:38,Cliente_155,Produto_D,Eletrônicos,Curitiba,204.4,5,1022.0
V0304,2023-10-09 20:56:51,Cliente_79,Produto_D,Beleza,Curitiba,858.74,3,2063.04
V0305,2023-01-06 08:13:46,Cliente_179,Produto_C,Alimentos,Curitiba,60.59,4,242.36
V0306,2023-05-17 00:21:01,Cliente_79,Produto_D,Eletrônicos,Curitiba,955.41,2,1910.82
V0307,2023-09-22 07:11:18,Cliente_107,Produto_A,Alimentos,Rio Grande,314.09,2,628.18
V0308,2024-02-11 15:01:44,Cliente_9,Produto_D,Alimentos,Erechim,502.05,3,1506.15
V0309,2024-08-28 02:26:00,Cliente_60,Produto_B,Alimentos,Rio Grande,721.24,2,1442.48
V0310,2024-12-01 10:58:11,Cliente_55,Produto_B,Móveis,Erechim,79.32,2,158.64
V0311,2024-01-24 20:18:53,Cliente_69,Produto_A,Eletrônicos,Rio Grande,663.39,5,3316.95
V0312,2023-02-02 09:30:30,Cliente_57,Produto_E,Alimentos,Erechim,669.23,5,3346.15
V0313,2024-04-28 23:16:18,Cliente_135,Produto_A,Beleza,Rio Grande,813.98,1,813.98
V0314,2024-07-29 11:55:40,Cliente_196,Produto_D,Alimentos,Erechim,113.11,4,452.44
V0315,2023-09-30 17:02:48,Cliente_78,Produto_D,Alimentos,Erechim,601.83,5,3009.15
V0316,2024-03-21 03:52:53,Cliente_23,Produto_C,Beleza,Erechim,281.1,2,562.2
V0317,2023-07-28 17:59:30,Cliente_65,Produto_D,Beleza,Erechim,859.27,2,1718.54
V0318,2023-02-08 01:38:33,Cliente_130,Produto_C,Roupas,Rio Grande,796.76,2,1593.52
V0319,2024-11-12 06:07:36,Cliente_12,Produto_C,Alimentos,Rio Grande,425.33,5,2126.65
V0320,2024-11-23 16:20:49,Cliente_116,Produto_B,Eletrônicos,Rio Grande,674.06,4,2696.24
V0321,2024-07-13 22:26:23,Cliente_9,Produto_D,Alimentos,Rio Grande,694.99,4,2779.96
V0322,2024-03-20 05:13:38,Cliente_86,Produto_C,Beleza,Viamão,916.05,5,4580.25
V0323,2024-08-02 05:31:06,Cliente_5,Produto_E,Beleza,Rio Grande,708.44,2,1416.88
V0324,2024-10-06 03:14:29,Cliente_5,Produto_E,Eletrônicos,Rio Grande,169.65,5,848.25
V0325,2023-11-11 19:32:32,Cliente_1,Produto_D,Eletrônicos,Rio Grande,426.45,2,852.9
V0326,2024-12-17 15:47:26,Cliente_47,Produto_C,Móveis,Rio Grande,259.51,4,1038.04
V0327,2023-12-10 02:36:09,Cliente_186,Produto_A,Eletrônicos,Rio Grande,481.88,3,2063.04
V0328,2024-12-29 13:43:28,Cliente_36,Produto_E,Beleza,Rio Grande,420.2,1,420.2
V0329,2024-05-30 16:20:44,Cliente_160,Produto_D,Eletrônicos,Erechim,332.83,3,998.49
V0330,2023-08-02 21:51:30,Cliente_48,Produto_A,Roupas,Curitiba,93.85,3,2063.04
V0331,2024-12-17 09:31:34,Cliente_51,Produto_A,Eletrônicos,Curitiba,61.53,3,184.59
V0332,2024-06-05 06:05:05,Cliente_186,Produto_D,Alimentos,Curitiba,930.59,3,2791.77
V0333,2024-06-17 13:21:23,Cliente_13,Produto_C,Eletrônicos,Curitiba,458.32,5,2291.6
V0334,2023-09-06 03:05:35,Cliente_6,Produto_B,Alimentos,Rio Grande,619.72,1,619.72
V0335,2024-12-22 11:30:25,Cliente_122,Produto_E,Alimentos,Erechim,584.42,4,2337.68
V0336,2024-03-03 10:50:20,Cliente_18,Produto_A,Móveis,Rio Grande,411.47,2,822.94
V0337,2024-02-23 20:34:21,Cliente_131,Produto_D,Móveis,Erechim,572.59,4,2290.36
V0338,2023-07-31 05:43:06,Cliente_111,Produto_C,Móveis,Rio Grande,631.57,5,2063.04
V0339,2023-08-13 18:30:06,Cliente_12,Produto_C,Roupas,Erechim,287.54,2,575.08
V0340,2023-09-23 08:29:08,Cliente_121,Produto_D,Eletrônicos,Rio Grande,123.14,5,615.7
V0341,2023-11-09 13:32:36,Cliente_52,Produto_C,Beleza,Erechim,35.5,2,71.0
V0342,2024-06-25 14:33:31,Cliente_127,Produto_B,Alimentos,Erechim,586.31,3,2063.04
V0343,2024-06-10 11:58:28,Cliente_123,Produto_C,Roupas,Erechim,754.3,3,2063.04
V0344,2023-08-04 09:44:41,Cliente_90,Produto_C,Alimentos,Erechim,654.26,2,1308.52
V0345,2023-04-15 13:09:57,Cliente_180,Produto_C,Alimentos,Rio Grande,744.18,4,2976.72
V0346,2023-05-31 04:39:10,Cliente_99,Produto_C,Beleza,Rio Grande,622.27,4,2489.08
V0347,2024-07-27 17:18:52,Cliente_190,Produto_D,Móveis,Rio Grande,898.17,4,3592.68
V0348,2023-02-04 15:33:08,Cliente_96,Produto_E,Eletrônicos,Rio Grande,10.44,5,2976.72
V0349,2024-12-23 07:01:29,Cliente_149,Produto_E,Beleza,Viamão,10.94,2,21.88
V0350,2024-05-01 16:40:49,Cliente_117,Produto_B,Alimentos,Rio Grande,288.18,1,288.18
V0351,2023-02-19 23:09:12,Cliente_168,Produto_C,Móveis,Rio Grande,420.8,4,1683.2
V0352,2024-05-27 22:22:59,Cliente_101,Produto_A,Beleza,Erechim,271.28,1,271.28
V0353,2024-11-12 22:54:48,Cliente_18,Produto_B,Beleza,Curitiba,16.78,5,83.9
V0354,2024-05-24 10:50:26,Cliente_185,Produto_E,Alimentos,Curitiba,58.24,3,174.72
V0355,2023-03-11 09:35:49,Cliente_188,Produto_C,Roupas,Curitiba,806.47,5,2976.72
V0356,2024-09-10 07:15:57,Cliente_68,Produto_D,Eletrônicos,Curitiba,701.47,3,2104.41
V0357,2024-01-17 21:01:47,Cliente_92,Produto_C,Alimentos,Rio Grande,407.53,5,2976.72
V0358,2023-09-01 18:20:15,Cliente_34,Produto_E,Eletrônicos,Erechim,990.32,4,3961.28
V0359,2023-12-21 09:33:49,Cliente_23,Produto_B,Beleza,Rio Grande,674.42,2,1348.84
V0360,2024-11-21 12:04:28,Cliente_187,Produto_D,Roupas,Erechim,280.86,4,1123.44
V0361,2023-12-09 22:20:34,Cliente_123,Produto_B,Roupas,Rio Grande,585.86,1,585.86
V0362,2024-05-13 23:00:30,Cliente_30,Produto_A,Móveis,Erechim,84.6,2,169.2
V0363,2024-02-04 15:45:56,Cliente_56,Produto_B,Eletrônicos,Rio Grande,342.09,2,684.18
V0364,2024-05-29 04:35:48,Cliente_2,Produto_C,Móveis,Erechim,935.51,3,2976.72
V0365,2023-09-17 02:18:19,Cliente_108,Produto_C,Móveis,Erechim,718.62,1,718.62
V0366,2024-04-20 23:42:59,Cliente_53,Produto_D,Alimentos,Erechim,997.69,3,2993.07
V0367,2023-12-28 07:13:35,Cliente_98,Produto_B,Roupas,Erechim,14.29,2,28.58
V0368,2023-04-27 16:43:08,Cliente_9,Produto_D,Roupas,Rio Grande,884.72,5,4423.6
V0369,2023-04-06 16:58:40,Cliente_186,Produto_D,Alimentos,Rio Grande,533.08,3,2976.72
V0370,2023-11-07 16:49:51,Cliente_9,Produto_C,Beleza,Rio Grande,35.94,5,179.7
V0371,2023-01-31 00:15:14,Cliente_157,Produto_B,Eletrônicos,Rio Grande,931.96,4,3727.84
V0372,2023-10-29 23:34:18,Cliente_126,Produto_B,Eletrônicos,Viamão,929.69,4,3718.76
V0373,2024-06-29 06:44:40,Cliente_184,Produto_A,Eletrônicos,Rio Grande,508.43,4,2033.72
V0374,2023-03-09 21:21:39,Cliente_140,Produto_A,Alimentos,Rio Grande,292.43,4,1169.72
V0375,2023-12-30 13:38:03,Cliente_8,Produto_A,Alimentos,Rio Grande,784.63,4,3138.52
V0376,2023-11-10 08:10:52,Cliente_116,Produto_C,Beleza,Rio Grande,883.75,5,4418.75
V0377,2023-12-02 06:29:56,Cliente_49,Produto_B,Alimentos,Rio Grande,206.94,2,413.88
V0378,2024-04-15 00:13:44,Cliente_65,Produto_E,Roupas,Rio Grande,484.2,1,484.2
V0379,2023-12-31 12:40:22,Cliente_192,Produto_E,Roupas,Erechim,938.38,5,4691.9
V0380,2023-04-08 21:09:30,Cliente_188,Produto_D,Roupas,Curitiba,290.68,4,1162.72
V0381,2023-10-31 03:13:34,Cliente_79,Produto_A,Eletrônicos,Curitiba,577.08,3,2976.72
V0382,2023-09-18 00:21:38,Cliente_9,Produto_E,Alimentos,Curitiba,800.15,1,800.15
V0383,2023-09-13 07:45:13,Cliente_135,Produto_B,Roupas,Curitiba,244.25,2,488.5
V0384,2024-04-22 09:32:46,Cliente_44,Produto_C,Roupas,Rio Grande,390.27,1,390.27
V0385,2024-10-21 01:18:15,Cliente_100,Produto_A,Móveis,Erechim,636.0,5,3180.0
V0386,2024-04-15 23:44:53,Cliente_71,Produto_A,Beleza,Rio Grande,998.36,4,3993.44
V0387,2023-05-21 18:11:40,Cliente_197,Produto_B,Beleza,Erechim,879.49,2,1758.98
V0388,2024-04-27 10:23:13,Cliente_171,Produto_A,Beleza,Rio Grande,623.11,5,3115.55
V0389,2023-08-11 07:01:25,Cliente_151,Produto_D,Alimentos,Erechim,767.68,1,767.68
V0390,2024-08-19 10:57:32,Cliente_104,Produto_A,Eletrônicos,Rio Grande,24.39,3,73.17
V0391,2024-09-15 04:38:01,Cliente_90,Produto_B,Móveis,Erechim,421.34,5,2106.7
V0392,2023-12-17 19:57:45,Cliente_185,Produto_D,Roupas,Erechim,127.99,2,255.98
V0393,2024-08-28 13:31:40,Cliente_109,Produto_B,Beleza,Erechim,995.7,1,995.7
V0394,2024-02-07 04:41:02,Cliente_91,Produto_D,Roupas,Erechim,633.45,2,1266.9
V0395,2024-10-21 00:00:28,Cliente_71,Produto_D,Móveis,Rio Grande,418.24,1,418.24
V0396,2023-09-02 19:05:53,Cliente_153,Produto_D,Eletrônicos,Rio Grande,108.03,1,108.03
V0397,2023-07-15 21:24:15,Cliente_94,Produto_B,Móveis,Rio Grande,219.75,2,439.5
V0398,2024-10-03 20:15:16,Cliente_127,Produto_A,Eletrônicos,Rio Grande,567.09,3,1701.27
V0399,2023-02-13 03:59:13,Cliente_123,Produto_D,Móveis,Viamão,573.3,3,2976.72
V0400,2023-03-30 23:13:53,Cliente_163,Produto_E,Eletrônicos,Rio Grande,926.01,1,926.01
V0401,2024-06-27 02:47:03,Cliente_172,Produto_C,Eletrônicos,Rio Grande,65.8,3,2976.72
V0402,2024-07-06 17:27:33,Cliente_177,Produto_D,Roupas,Erechim,529.86,1,529.86
V0403,2023-05-02 14:23:49,Cliente_151,Produto_A,Roupas,Curitiba,212.88,1,212.88
V0404,2024-05-01 14:32:08,Cliente_161,Produto_C,Eletrônicos,Curitiba,631.92,4,2527.68
V0405,2024-10-30 13:47:31,Cliente_145,Produto_D,Alimentos,Curitiba,266.15,3,2976.72
V0406,2023-05-15 13:51:02,Cliente_143,Produto_A,Beleza,Curitiba,510.17,1,510.17
V0407,2023-05-13 02:04:26,Cliente_25,Produto_D,Alimentos,Rio Grande,801.38,3,2404.14
V0408,2024-02-07 20:30:15,Cliente_139,Produto_A,Eletrônicos,Erechim,156.57,3,469.71
V0409,2023-06-16 03:46:24,Cliente_102,Produto_E,Móveis,Rio Grande,38.5,1,38.5
V0410,2023-01-06 20:40:58,Cliente_167,Produto_E,Beleza,Erechim,441.46,5,2976.72
V0411,2024-08-30 19:00:42,Cliente_27,Produto_A,Roupas,Rio Grande,319.34,5,2976.72
V0412,2024-06-20 22:57:20,Cliente_125,Produto_A,Alimentos,Erechim,891.06,1,891.06
V0413,2024-03-21 03:25:13,Cliente_36,Produto_A,Eletrônicos,Rio Grande,808.56,2,1617.12
V0414,2024-10-04 03:03:56,Cliente_112,Produto_C,Alimentos,Erechim,870.87,4,3483.48
V0415,2023-04-26 01:49:13,Cliente_78,Produto_C,Roupas,Erechim,467.33,1,467.33
V0416,2024-01-31 22:54:49,Cliente_110,Produto_E,Beleza,Erechim,633.07,4,2532.28
V0417,2023-12-27 19:28:31,Cliente_150,Produto_E,Beleza,Erechim,429.76,4,1719.04
V0418,2024-05-12 08:53:08,Cliente_24,Produto_C,Roupas,Rio Grande,162.72,2,325.44
V0419,2023-08-06 10:42:01,Cliente_172,Produto_D,Beleza,Rio Grande,848.53,5,4242.65
V0420,2023-04-06 20:14:12,Cliente_18,Produto_E,Eletrônicos,Rio Grande,851.03,3,2553.09
V0421,2023-11-28 15:34:18,Cliente_186,Produto_E,Beleza,Rio Grande,614.55,1,614.55
V0422,2023-05-23 16:32:40,Cliente_147,Produto_C,Roupas,Erechim,603.93,5,2976.72
V0423,2023-05-12 16:49:47,Cliente_86,Produto_D,Roupas,Rio Grande,217.62,5,1088.1
V0424,2024-06-07 14:59:00,Cliente_154,Produto_B,Roupas,Rio Grande,652.77,3,1958.31
V0425,2023-05-16 03:00:17,Cliente_132,Produto_B,Móveis,Rio Grande,618.51,3,1855.53
V0426,2024-12-26 13:44:57,Cliente_56,Produto_A,Roupas,Rio Grande,312.81,5,1564.05
V0427,2024-05-14 03:25:59,Cliente_135,Produto_A,Alimentos,Rio Grande,533.47,2,1066.94
V0428,2024-12-04 06:32:45,Cliente_164,Produto_A,Eletrônicos,Rio Grande,269.8,1,269.8
V0429,2024-12-22 23:13:15,Cliente_174,Produto_E,Roupas,Erechim,736.37,3,2209.11
V0430,2023-11-22 05:18:04,Cliente_121,Produto_E,Alimentos,Curitiba,97.24,5,486.2
V0431,2023-05-01 18:06:56,Cliente_84,Produto_B,Móveis,Curitiba,78.66,4,314.64
V0432,2023-12-16 19:48:36,Cliente_121,Produto_A,Móveis,Curitiba,236.61,2,473.22
V0433,2024-08-07 02:23:52,Cliente_147,Produto_E,Eletrônicos,Curitiba,318.26,5,1591.3
V0434,2023-05-22 01:03:02,Cliente_112,Produto_C,Roupas,Rio Grande,971.35,1,971.35
V0435,2023-01-13 09:13:13,Cliente_83,Produto_A,Roupas,Erechim,43.21,3,129.63
V0436,2024-09-18 17:00:58,Cliente_89,Produto_B,Móveis,Rio Grande,412.67,3,1238.01
V0437,2024-01-03 17:18:03,Cliente_129,Produto_E,Eletrônicos,Erechim,254.04,4,1016.16
V0438,2023-09-02 09:55:01,Cliente_86,Produto_C,Roupas,Rio Grande,132.69,3,398.07
V0439,2023-06-06 07:00:01,Cliente_112,Produto_A,Beleza,Erechim,966.25,5,4831.25
V0440,2023-08-27 08:44:40,Cliente_97,Produto_A,Alimentos,Rio Grande,15.89,5,79.45
V0441,2023-08-31 06:11:01,Cliente_178,Produto_E,Beleza,Erechim,199.63,4,798.52
V0442,2023-06-15 02:17:33,Cliente_155,Produto_E,Móveis,Erechim,306.78,1,306.78
V0443,2023-12-14 08:15:38,Cliente_142,Produto_B,Roupas,Erechim,553.6,3,614.55
V0444,2023-05-24 09:42:42,Cliente_162,Produto_A,Móveis,Curitiba,781.53,2,1563.06
V0445,2024-03-24 11:43:46,Cliente_68,Produto_E,Móveis,Curitiba,429.47,5,614.55
V0446,2023-01-07 15:52:38,Cliente_130,Produto_A,Eletrônicos,Curitiba,92.1,1,92.1
V0447,2024-04-08 05:02:52,Cliente_121,Produto_C,Roupas,Rio Grande,899.28,1,899.28
V0448,2023-12-14 09:42:13,Cliente_90,Produto_B,Beleza,Erechim,333.94,4,1335.76
V0449,2024-03-25 00:56:20,Cliente_125,Produto_E,Beleza,Rio Grande,876.92,5,614.55
V0450,2024-07-01 05:03:34,Cliente_77,Produto_A,Eletrônicos,Erechim,568.91,5,614.55
V0451,2024-10-25 01:17:01,Cliente_123,Produto_E,Eletrônicos,Rio Grande,268.17,3,804.51
V0452,2024-04-16 00:41:02,Cliente_79,Produto_C,Alimentos,Erechim,953.95,3,614.55
V0453,2023-06-30 17:50:57,Cliente_149,Produto_C,Eletrônicos,Rio Grande,192.98,2,385.96
V0454,2023-01-31 12:20:45,Cliente_15,Produto_A,Alimentos,Erechim,450.36,2,900.72
V0455,2024-09-20 15:04:54,Cliente_132,Produto_E,Alimentos,Erechim,144.36,3,614.55
V0456,2023-02-18 13:08:39,Cliente_124,Produto_D,Móveis,Erechim,125.74,4,502.96
V0457,2024-02-05 02:25:09,Cliente_65,Produto_A,Alimentos,Curitiba,835.05,4,3340.2
V0458,2024-12-24 12:01:01,Cliente_44,Produto_D,Beleza,Curitiba,247.84,3,743.52
V0459,2024-11-29 08:13:12,Cliente_77,Produto_A,Eletrônicos,Curitiba,319.94,2,639.88
V0460,2023-08-21 20:01:22,Cliente_96,Produto_B,Roupas,Rio Grande,400.31,5,2001.55
V0461,2024-02-09 11:12:38,Cliente_10,Produto_E,Móveis,Erechim,771.05,2,1542.1
V0462,2024-05-10 11:18:38,Cliente_161,Produto_C,Beleza,Rio Grande,659.39,4,2637.56
V0463,2023-01-01 17:20:05,Cliente_162,Produto_C,Beleza,Erechim,102.96,5,514.8
V0464,2024-11-25 07:42:30,Cliente_86,Produto_D,Alimentos,Rio Grande,221.26,1,221.26
V0465,2024-01-13 02:58:04,Cliente_47,Produto_E,Eletrônicos,Erechim,162.57,3,487.71
V0466,2024-06-30 20:14:16,Cliente_103,Produto_C,Móveis,Rio Grande,788.89,3,2366.67
V0467,2024-08-21 13:32:44,Cliente_2,Produto_B,Eletrônicos,Erechim,616.86,2,1233.72
V0468,2023-04-27 14:57:33,Cliente_194,Produto_A,Roupas,Erechim,917.79,2,1835.58
V0469,2023-03-18 22:07:21,Cliente_129,Produto_E,Móveis,Erechim,35.0,3,105.0
V0470,2024-04-09 20:51:45,Cliente_174,Produto_D,Eletrônicos,Curitiba,354.59,2,709.18
V0471,2024-11-02 10:35:03,Cliente_52,Produto_C,Eletrônicos,Curitiba,142.63,1,142.63
V0472,2023-09-14 10:05:56,Cliente_135,Produto_A,Alimentos,Curitiba,831.6,5,4158.0
V0473,2024-07-07 11:15:31,Cliente_132,Produto_C,Roupas,Rio Grande,792.99,1,792.99
V0474,2023-07-08 11:18:55,Cliente_131,Produto_B,Eletrônicos,Erechim,277.53,3,614.55
V0475,2023-07-21 00:43:41,Cliente_174,Produto_B,Eletrônicos,Rio Grande,290.18,2,580.36
V0476,2023-10-20 15:03:33,Cliente_58,Produto_E,Móveis,Erechim,109.82,3,329.46
V0477,2023-11-24 12:32:58,Cliente_92,Produto_B,Móveis,Rio Grande,386.61,3,1159.83
V0478,2023-10-08 23:34:22,Cliente_141,Produto_D,Eletrônicos,Erechim,501.68,1,501.68
V0479,2023-11-18 22:07:25,Cliente_50,Produto_B,Beleza,Rio Grande,193.86,4,775.44
V0480,2024-11-17 03:38:37,Cliente_138,Produto_E,Alimentos,Erechim,984.9,3,2954.7
V0481,2024-12-07 08:48:58,Cliente_92,Produto_A,Eletrônicos,Erechim,205.65,3,616.95
V0482,2023-01-24 20:47:59,Cliente_59,Produto_B,Eletrônicos,Erechim,339.07,4,1356.28
V0483,2024-06-21 23:06:47,Cliente_11,Produto_E,Eletrônicos,Curitiba,39.28,3,117.84
V0484,2024-08-28 11:44:27,Cliente_55,Produto_C,Móveis,Curitiba,75.42,5,377.1
V0485,2024-08-28 18:17:21,Cliente_142,Produto_B,Beleza,Curitiba,69.46,2,138.92
V0486,2023-08-15 02:41:55,Cliente_37,Produto_A,Eletrônicos,Rio Grande,521.32,4,2085.28
V0487,2023-07-18 09:54:07,Cliente_185,Produto_B,Móveis,Erechim,912.14,5,4560.7
V0488,2024-01-21 10:56:18,Cliente_147,Produto_C,Alimentos,Rio Grande,415.96,3,614.55
V0489,2023-08-09 08:40:06,Cliente_118,Produto_E,Móveis,Erechim,58.89,2,117.78
V0490,2024-09-12 06:50:07,Cliente_46,Produto_D,Beleza,Rio Grande,593.19,3,614.55
V0491,2023-09-11 10:06:17,Cliente_69,Produto_C,Eletrônicos,Erechim,715.63,4,2862.52
V0492,2023-09-06 03:27:23,Cliente_172,Produto_E,Beleza,Rio Grande,726.82,2,1453.64
V0493,2024-03-14 08:05:40,Cliente_67,Produto_D,Roupas,Erechim,492.97,2,985.94
V0494,2023-02-12 17:55:38,Cliente_67,Produto_E,Roupas,Erechim,834.22,1,834.22
V0495,2024-07-13 20:17:45,Cliente_98,Produto_C,Eletrônicos,Erechim,899.63,5,4498.15
V0496,2023-10-29 14:37:35,Cliente_5,Produto_D,Roupas,Curitiba,255.34,3,766.02
V0497,2023-03-11 03:07:13,Cliente_95,Produto_C,Roupas,Curitiba,387.26,2,774.52
V0498,2023-02-14 15:07:31,Cliente_55,Produto_B,Alimentos,Curitiba,410.03,1,410.03
V0499,2023-01-28 01:15:35,Cliente_93,Produto_E,Eletrônicos,Rio Grande,851.29,5,4256.45
V0500,2024-03-19 14:32:41,Cliente_13,Produto_D,Eletrônicos,Erechim,934.9,5,4674.5
V0501,2023-07-29 17:30:19,Cliente_176,Produto_D,Beleza,Rio Grande,329.46,3,614.55
V0502,2023-07-11 03:11:48,Cliente_138,Produto_A,Roupas,Erechim,142.61,1,142.61
V0503,2023-09-21 08:47:41,Cliente_146,Produto_D,Eletrônicos,Rio Grande,483.77,5,2418.85
V0504,2024-06-03 10:47:43,Cliente_166,Produto_B,Eletrônicos,Erechim,34.2,2,68.4
V0505,2023-03-30 16:11:45,Cliente_110,Produto_E,Roupas,Rio Grande,362.99,4,1451.96
V0506,2023-11-05 02:18:57,Cliente_200,Produto_A,Eletrônicos,Erechim,716.46,3,2149.38
V0507,2024-03-15 20:17:57,Cliente_67,Produto_B,Beleza,Erechim,401.72,5,614.55
V0508,2024-08-14 09:24:11,Cliente_22,Produto_C,Roupas,Erechim,276.05,1,276.05
V0509,2024-08-18 11:54:06,Cliente_61,Produto_B,Móveis,Curitiba,993.71,3,2981.13
V0510,2023-12-10 03:45:37,Cliente_92,Produto_E,Móveis,Curitiba,420.65,2,841.3
V0511,2024-05-24 15:53:14,Cliente_145,Produto_D,Eletrônicos,Curitiba,58.74,4,234.96
V0512,2024-02-04 00:13:32,Cliente_129,Produto_C,Beleza,Rio Grande,823.34,5,4116.7
V0513,2024-02-03 21:47:27,Cliente_33,Produto_A,Beleza,Erechim,853.06,2,1706.12
V0514,2023-05-24 01:41:48,Cliente_116,Produto_C,Eletrônicos,Rio Grande,346.75,4,1387.0
V0515,2024-10-02 12:15:50,Cliente_54,Produto_A,Eletrônicos,Curitiba,65.21,3,195.63
V0516,2024-03-26 08:26:20,Cliente_94,Produto_C,Beleza,Curitiba,929.53,2,1859.06
V0517,2024-12-09 23:49:53,Cliente_175,Produto_D,Eletrônicos,Curitiba,416.5,1,416.5
V0518,2024-09-22 00:02:38,Cliente_57,Produto_E,Móveis,Rio Grande,800.77,2,1601.54
V0519,2024-01-04 20:51:43,Cliente_86,Produto_C,Alimentos,Erechim,75.41,4,301.64
V0520,2023-03-07 06:32:11,Cliente_28,Produto_C,Eletrônicos,Rio Grande,135.92,2,271.84
V0521,2024-11-29 08:27:00,Cliente_11,Produto_D,Eletrônicos,Erechim,923.69,1,923.69
V0522,2024-12-07 16:31:29,Cliente_120,Produto_A,Roupas,Rio Grande,917.96,5,4589.8
V0523,2024-03-04 13:28:10,Cliente_48,Produto_B,Beleza,Erechim,462.55,1,462.55
V0524,2024-09-26 16:32:53,Cliente_126,Produto_A,Móveis,Rio Grande,737.71,4,2950.84
V0525,2024-01-27 22:36:19,Cliente_173,Produto_E,Eletrônicos,Erechim,69.19,1,69.19
V0526,2024-04-05 11:24:39,Cliente_11,Produto_D,Roupas,Erechim,636.0,1,636.0
V0527,2024-10-17 03:30:44,Cliente_5,Produto_B,Alimentos,Erechim,640.0,3,1920.0
V0528,2024-06-12 10:11:49,Cliente_196,Produto_A,Roupas,Curitiba,414.04,3,614.55
V0529,2023-01-18 01:27:47,Cliente_56,Produto_D,Móveis,Curitiba,401.11,1,401.11
V0530,2023-10-06 04:07:04,Cliente_122,Produto_B,Beleza,Curitiba,132.6,4,530.4
V0531,2024-12-08 15:47:55,Cliente_197,Produto_A,Eletrônicos,Rio Grande,192.22,4,768.88
V0532,2024-05-26 09:00:53,Cliente_57,Produto_C,Móveis,Erechim,921.45,3,614.55
V0533,2023-07-22 07:50:17,Cliente_148,Produto_C,Móveis,Rio Grande,966.93,2,1933.86
V0534,2024-01-01 01:25:11,Cliente_81,Produto_E,Roupas,Erechim,940.39,4,3761.56
V0535,2023-10-15 21:15:49,Cliente_94,Produto_A,Beleza,Rio Grande,728.42,2,1456.84
V0536,2023-01-05 08:24:37,Cliente_57,Produto_B,Alimentos,Erechim,652.41,5,614.55
V0537,2023-03-10 07:18:36,Cliente_45,Produto_A,Beleza,Rio Grande,107.27,1,107.27
V0538,2024-01-07 00:21:30,Cliente_21,Produto_A,Alimentos,Erechim,728.9,4,2915.6
V0539,2023-12-03 04:35:05,Cliente_150,Produto_C,Alimentos,Erechim,88.86,3,266.58
V0540,2024-09-24 02:31:33,Cliente_99,Produto_E,Eletrônicos,Erechim,87.93,2,175.86
V0541,2023-10-24 07:57:03,Cliente_69,Produto_C,Roupas,Curitiba,677.29,2,1354.58
V0542,2023-10-31 22:10:02,Cliente_153,Produto_E,Alimentos,Curitiba,517.12,1,517.12
V0543,2024-05-10 23:47:17,Cliente_6,Produto_B,Roupas,Curitiba,687.69,1,687.69
V0544,2023-07-03 12:18:38,Cliente_169,Produto_D,Beleza,Rio Grande,311.23,5,1556.15
V0545,2024-02-20 12:30:23,Cliente_30,Produto_E,Móveis,Erechim,268.22,3,107.27
V0546,2023-05-23 15:12:23,Cliente_8,Produto_A,Roupas,Rio Grande,34.31,5,171.55
V0547,2024-10-29 19:53:32,Cliente_144,Produto_C,Roupas,Erechim,220.41,2,440.82
V0548,2023-09-26 20:30:58,Cliente_101,Produto_B,Eletrônicos,Rio Grande,596.85,4,2387.4
V0549,2023-07-11 11:20:22,Cliente_80,Produto_C,Alimentos,Erechim,903.78,3,2711.34
V0550,2023-05-06 02:24:24,Cliente_98,Produto_D,Eletrônicos,Rio Grande,831.26,2,1662.52
V0551,2024-09-01 23:49:03,Cliente_127,Produto_E,Eletrônicos,Erechim,545.9,1,545.9
V0552,2023-04-11 02:26:09,Cliente_131,Produto_E,Beleza,Erechim,794.24,1,794.24
V0553,2023-06-11 17:57:43,Cliente_88,Produto_A,Eletrônicos,Erechim,690.71,3,2072.13
V0554,2024-12-26 17:56:09,Cliente_40,Produto_A,Eletrônicos,Curitiba,245.73,1,245.73
V0555,2023-06-25 14:13:51,Cliente_23,Produto_B,Roupas,Curitiba,617.13,1,617.13
V0556,2024-12-28 18:18:43,Cliente_187,Produto_B,Alimentos,Curitiba,560.91,3,1682.73
V0557,2023-04-01 23:20:37,Cliente_119,Produto_E,Eletrônicos,Rio Grande,266.92,1,266.92
V0558,2023-06-23 06:28:29,Cliente_81,Produto_D,Eletrônicos,Erechim,451.38,5,2256.9
V0559,2023-01-14 06:52:46,Cliente_153,Produto_E,Móveis,Rio Grande,102.46,2,204.92
V0560,2023-11-18 06:47:07,Cliente_163,Produto_D,Alimentos,Erechim,627.53,3,1882.59
V0561,2024-12-01 16:36:36,Cliente_93,Produto_C,Roupas,Rio Grande,228.16,2,456.32
V0562,2023-02-13 06:56:28,Cliente_39,Produto_B,Beleza,Erechim,17.47,3,52.41
V0563,2023-10-12 00:56:34,Cliente_158,Produto_B,Beleza,Rio Grande,841.48,2,1682.96
V0564,2023-11-15 09:13:16,Cliente_42,Produto_D,Eletrônicos,Erechim,643.24,5,3216.2
V0565,2023-09-08 22:11:01,Cliente_161,Produto_E,Alimentos,Erechim,665.64,2,1331.28
V0566,2023-04-11 16:57:31,Cliente_145,Produto_C,Móveis,Erechim,65.31,2,130.62
V0567,2023-02-19 06:21:40,Cliente_96,Produto_E,Móveis,Curitiba,717.83,4,2871.32
V0568,2023-11-12 04:04:11,Cliente_86,Produto_E,Eletrônicos,Curitiba,186.56,5,932.8
V0569,2023-02-19 13:35:59,Cliente_77,Produto_B,Alimentos,Curitiba,647.34,3,1942.02
V0570,2023-01-28 00:33:05,Cliente_29,Produto_A,Móveis,Rio Grande,454.81,2,909.62
V0571,2023-02-01 04:41:54,Cliente_49,Produto_C,Beleza,Erechim,654.97,3,1964.91
V0572,2024-01-24 12:10:09,Cliente_126,Produto_E,Eletrônicos,Rio Grande,397.92,5,107.27
V0573,2023-07-01 20:54:17,Cliente_135,Produto_E,Eletrônicos,Erechim,781.52,1,781.52
V0574,2023-09-11 00:39:08,Cliente_26,Produto_B,Alimentos,Rio Grande,847.27,3,2541.81
V0575,2023-02-22 12:04:08,Cliente_177,Produto_C,Alimentos,Erechim,415.81,4,1663.24
V0576,2023-06-18 03:39:32,Cliente_76,Produto_A,Beleza,Rio Grande,610.66,1,610.66
V0577,2024-05-25 15:07:33,Cliente_101,Produto_A,Eletrônicos,Erechim,795.08,3,107.27
V0578,2023-04-23 00:35:20,Cliente_72,Produto_D,Beleza,Erechim,616.61,3,1849.83
V0579,2024-02-05 01:21:32,Cliente_30,Produto_B,Beleza,Erechim,69.78,3,209.34
V0580,2024-08-26 05:16:42,Cliente_179,Produto_D,Roupas,Curitiba,14.38,4,57.52
V0581,2023-11-04 10:00:36,Cliente_102,Produto_D,Eletrônicos,Curitiba,316.78,1,316.78
V0582,2024-11-11 13:49:25,Cliente_133,Produto_D,Beleza,Curitiba,874.01,1,874.01
V0583,2023-12-08 06:53:46,Cliente_134,Produto_D,Móveis,Rio Grande,358.51,2,717.02
V0584,2024-02-15 20:13:29,Cliente_187,Produto_C,Eletrônicos,Erechim,766.14,2,1532.28
V0585,2023-07-23 13:40:04,Cliente_55,Produto_D,Roupas,Rio Grande,702.1,4,2808.4
V0586,2023-07-08 03:47:14,Cliente_42,Produto_B,Alimentos,Erechim,236.2,3,107.27
V0587,2023-01-17 03:25:10,Cliente_130,Produto_C,Eletrônicos,Rio Grande,898.19,2,1796.38
V0588,2023-09-22 06:33:06,Cliente_68,Produto_B,Alimentos,Erechim,74.03,2,148.06
V0589,2023-05-15 15:51:36,Cliente_153,Produto_D,Eletrônicos,Rio Grande,245.3,3,107.27
V0590,2023-09-06 03:52:47,Cliente_38,Produto_D,Roupas,Erechim,787.72,1,787.72
V0591,2024-02-25 02:31:05,Cliente_2,Produto_D,Beleza,Erechim,249.68,1,249.68
V0592,2024-06-03 02:25:55,Cliente_107,Produto_D,Roupas,Erechim,735.68,3,2207.04
V0593,2023-11-28 02:29:18,Cliente_117,Produto_D,Móveis,Curitiba,182.49,2,364.98
V0594,2023-09-29 21:06:29,Cliente_104,Produto_C,Beleza,Curitiba,113.82,4,455.28
V0595,2024-08-21 17:08:14,Cliente_79,Produto_A,Alimentos,Curitiba,770.28,4,3081.12
V0596,2024-12-24 16:23:46,Cliente_22,Produto_D,Móveis,Rio Grande,658.83,3,107.27
V0597,2024-12-14 07:34:17,Cliente_196,Produto_C,Alimentos,Erechim,552.71,2,1105.42
V0598,2024-08-07 16:16:04,Cliente_146,Produto_D,Eletrônicos,Rio Grande,155.64,1,155.64
V0599,2024-09-11 10:28:40,Cliente_12,Produto_C,Beleza,Curitiba,730.93,2,1461.86
V0600,2023-01-26 17:44:57,Cliente_156,Produto_B,Móveis,Curitiba,923.53,2,1847.06
V0601,2024-04-09 20:28:03,Cliente_94,Produto_A,Beleza,Curitiba,326.7,1,326.7
V0602,2023-04-08 04:02:13,Cliente_113,Produto_D,Alimentos,Rio Grande,576.93,2,1153.86
V0603,2024-01-25 04:37:17,Cliente_93,Produto_C,Eletrônicos,Erechim,459.64,1,459.64
V0604,2024-03-02 04:00:39,Cliente_18,Produto_B,Eletrônicos,Rio Grande,268.55,5,1342.75
V0605,2024-01-18 18:43:30,Cliente_126,Produto_D,Roupas,Erechim,799.75,5,3998.75
V0606,2023-10-05 09:19:47,Cliente_95,Produto_D,Alimentos,Rio Grande,25.1,5,125.5
V0607,2024-03-18 20:18:10,Cliente_98,Produto_A,Beleza,Erechim,199.82,4,799.28
V0608,2024-08-26 09:19:19,Cliente_105,Produto_A,Eletrônicos,Rio Grande,40.67,1,40.67
V0609,2024-05-03 04:22:16,Cliente_93,Produto_C,Eletrônicos,Erechim,167.4,2,334.8
V0610,2023-01-05 22:18:04,Cliente_11,Produto_B,Eletrônicos,Erechim,693.61,3,2080.83
V0611,2023-05-18 07:58:25,Cliente_163,Produto_E,Eletrônicos,Erechim,994.03,5,4970.15
V0612,2024-02-22 07:52:04,Cliente_37,Produto_C,Beleza,Curitiba,266.2,5,1331.0
V0613,2024-04-02 10:42:21,Cliente_99,Produto_E,Eletrônicos,Curitiba,782.85,4,3131.4
V0614,2023-03-08 15:37:07,Cliente_150,Produto_A,Alimentos,Curitiba,126.96,5,634.8
V0615,2023-10-20 18:46:29,Cliente_23,Produto_D,Alimentos,Rio Grande,68.94,1,68.94
V0616,2024-12-12 21:30:53,Cliente_130,Produto_A,Eletrônicos,Erechim,474.35,3,107.27
V0617,2024-03-29 18:12:40,Cliente_45,Produto_A,Eletrônicos,Rio Grande,783.16,1,783.16
V0618,2024-03-22 16:40:42,Cliente_22,Produto_D,Eletrônicos,Erechim,434.77,4,1739.08
V0619,2024-12-14 20:46:57,Cliente_54,Produto_B,Roupas,Rio Grande,114.36,3,343.08
V0620,2023-02-10 00:06:41,Cliente_109,Produto_E,Eletrônicos,Erechim,822.79,2,1645.58
V0621,2023-05-18 13:05:39,Cliente_71,Produto_B,Eletrônicos,Rio Grande,561.19,5,107.27
V0622,2023-03-25 17:28:30,Cliente_159,Produto_D,Beleza,Erechim,937.09,4,3748.36
V0623,2024-05-03 07:23:20,Cliente_154,Produto_C,Eletrônicos,Erechim,545.59,5,107.27
V0624,2023-02-18 18:45:01,Cliente_144,Produto_B,Roupas,Erechim,471.45,4,1885.8
V0625,2024-08-18 02:22:39,Cliente_32,Produto_D,Móveis,Curitiba,102.8,3,308.4
V0626,2024-01-16 17:44:02,Cliente_106,Produto_B,Móveis,Curitiba,55.84,4,223.36
V0627,2023-12-09 13:34:43,Cliente_156,Produto_B,Alimentos,Curitiba,821.67,2,1643.34
V0628,2024-10-29 07:51:47,Cliente_115,Produto_B,Beleza,Rio Grande,313.36,1,313.36
V0629,2024-06-30 22:11:37,Cliente_149,Produto_D,Eletrônicos,Erechim,639.86,2,1279.72
V0630,2024-01-07 18:48:48,Cliente_177,Produto_D,Roupas,Rio Grande,138.53,3,107.27
V0631,2024-04-18 09:44:09,Cliente_38,Produto_E,Eletrônicos,Erechim,203.42,5,107.27
V0632,2023-09-11 02:05:11,Cliente_39,Produto_A,Beleza,Rio Grande,920.34,4,3681.36
V0633,2023-12-17 03:12:04,Cliente_60,Produto_B,Alimentos,Erechim,133.43,1,133.43
V0634,2023-01-19 06:33:08,Cliente_152,Produto_A,Eletrônicos,Rio Grande,151.49,2,302.98
V0635,2024-05-18 10:24:21,Cliente_1,Produto_B,Eletrônicos,Erechim,314.07,5,1570.35
V0636,2023-10-04 12:47:45,Cliente_27,Produto_E,Beleza,Erechim,432.41,5,2162.05
V0637,2024-06-30 03:09:14,Cliente_40,Produto_E,Roupas,Erechim,731.76,1,731.76
V0638,2024-10-24 20:37:26,Cliente_19,Produto_D,Móveis,Curitiba,660.08,3,107.27
V0639,2024-06-03 07:51:06,Cliente_34,Produto_A,Eletrônicos,Curitiba,217.96,3,653.88
V0640,2024-11-28 15:49:54,Cliente_27,Produto_D,Beleza,Curitiba,964.29,2,1928.58
V0641,2023-12-27 20:32:54,Cliente_41,Produto_B,Móveis,Rio Grande,112.03,4,448.12
V0642,2024-08-15 03:43:22,Cliente_147,Produto_C,Móveis,Erechim,34.7,2,69.4
V0643,2023-07-07 02:46:42,Cliente_40,Produto_D,Eletrônicos,Rio Grande,370.84,3,1112.52
V0644,2023-09-17 07:07:27,Cliente_50,Produto_C,Roupas,Erechim,701.0,4,2804.0
V0645,2023-07-26 14:15:03,Cliente_122,Produto_E,Beleza,Rio Grande,567.31,2,1134.62
V0646,2023-04-11 16:05:46,Cliente_98,Produto_E,Eletrônicos,Erechim,553.01,5,2765.05
V0647,2024-07-25 02:43:33,Cliente_200,Produto_E,Eletrônicos,Rio Grande,689.03,3,2067.09
V0648,2024-04-23 17:11:50,Cliente_2,Produto_C,Roupas,Erechim,330.56,1,330.56
V0649,2023-05-16 08:11:38,Cliente_173,Produto_E,Alimentos,Erechim,655.01,3,1965.03
V0650,2023-11-05 22:51:53,Cliente_45,Produto_E,Alimentos,Erechim,35.07,5,175.35
V0651,2023-12-30 22:09:20,Cliente_103,Produto_A,Alimentos,Curitiba,828.68,5,4143.4
V0652,2024-09-30 10:33:18,Cliente_186,Produto_B,Beleza,Curitiba,489.65,3,107.27
V0653,2024-09-10 15:19:47,Cliente_100,Produto_B,Beleza,Curitiba,943.73,3,2831.19
V0654,2024-07-13 19:44:18,Cliente_156,Produto_A,Eletrônicos,Rio Grande,16.31,1,16.31
V0655,2024-01-03 10:03:53,Cliente_85,Produto_D,Beleza,Erechim,594.14,5,2970.7
V0656,2023-10-07 20:12:25,Cliente_186,Produto_A,Eletrônicos,Rio Grande,992.23,3,2976.69
V0657,2023-04-10 01:07:39,Cliente_168,Produto_B,Alimentos,Erechim,332.68,1,332.68
V0658,2023-06-02 04:11:50,Cliente_87,Produto_D,Beleza,Rio Grande,712.51,2,1425.02
V0659,2024-08-24 16:14:45,Cliente_5,Produto_D,Beleza,Erechim,156.96,3,470.88
V0660,2024-06-07 06:05:07,Cliente_42,Produto_C,Eletrônicos,Rio Grande,820.37,5,4101.85
V0661,2024-06-11 21:32:30,Cliente_185,Produto_D,Eletrônicos,Erechim,904.44,1,904.44
V0662,2023-03-25 13:06:29,Cliente_190,Produto_C,Beleza,Erechim,109.75,2,219.5
V0663,2023-11-12 23:20:04,Cliente_150,Produto_D,Beleza,Erechim,518.5,5,2592.5
V0664,2024-03-06 21:27:51,Cliente_155,Produto_E,Beleza,Curitiba,449.38,4,1797.52
V0665,2023-07-03 06:32:42,Cliente_173,Produto_E,Roupas,Curitiba,625.78,3,1877.34
V0666,2024-04-10 02:53:19,Cliente_45,Produto_C,Móveis,Curitiba,616.54,1,616.54
V0667,2024-02-14 07:02:11,Cliente_192,Produto_B,Móveis,Rio Grande,730.33,1,730.33
V0668,2023-06-04 08:05:13,Cliente_83,Produto_D,Eletrônicos,Erechim,199.25,4,797.0
V0669,2023-06-07 19:52:17,Cliente_99,Produto_E,Alimentos,Rio Grande,894.25,4,3577.0
V0670,2023-04-17 13:27:19,Cliente_172,Produto_E,Beleza,Erechim,881.45,2,1762.9
V0671,2023-10-16 18:58:43,Cliente_182,Produto_E,Beleza,Rio Grande,519.61,4,2078.44
V0672,2023-02-24 06:52:28,Cliente_82,Produto_C,Móveis,Erechim,564.41,4,2257.64
V0673,2024-07-15 01:44:02,Cliente_120,Produto_D,Alimentos,Rio Grande,22.14,5,110.7
V0674,2024-10-18 23:48:49,Cliente_50,Produto_D,Beleza,Erechim,539.48,1,539.48
V0675,2023-12-13 21:37:21,Cliente_53,Produto_A,Beleza,Erechim,459.56,1,459.56
V0676,2024-03-27 09:48:14,Cliente_150,Produto_B,Beleza,Erechim,865.22,5,4326.1
V0677,2023-10-31 11:41:49,Cliente_51,Produto_B,Eletrônicos,Curitiba,204.44,5,1022.2
V0678,2024-07-14 01:35:52,Cliente_200,Produto_A,Eletrônicos,Curitiba,357.49,1,357.49
V0679,2023-02-11 10:51:08,Cliente_98,Produto_D,Beleza,Curitiba,103.71,5,518.55
V0680,2023-05-24 13:11:36,Cliente_151,Produto_E,Móveis,Rio Grande,647.39,4,2589.56
V0681,2023-07-03 07:45:37,Cliente_11,Produto_A,Móveis,Erechim,916.87,5,4584.35
V0682,2023-08-14 13:33:39,Cliente_188,Produto_E,Beleza,Rio Grande,400.35,1,400.35
V0683,2024-11-12 18:22:27,Cliente_46,Produto_B,Beleza,Curitiba,724.22,3,2172.66
V0684,2023-08-24 08:37:46,Cliente_6,Produto_B,Roupas,Curitiba,735.46,1,735.46
V0685,2023-03-06 12:59:52,Cliente_23,Produto_A,Móveis,Curitiba,892.62,3,2677.86
V0686,2023-04-10 12:14:18,Cliente_140,Produto_D,Beleza,Rio Grande,873.67,3,107.27
V0687,2023-02-09 07:30:23,Cliente_189,Produto_A,Alimentos,Erechim,505.54,4,2022.16
V0688,2024-10-20 12:25:36,Cliente_135,Produto_B,Alimentos,Rio Grande,889.74,5,4448.7
V0689,2023-11-14 03:31:13,Cliente_44,Produto_D,Móveis,Erechim,643.99,1,643.99
V0690,2023-08-24 21:12:52,Cliente_79,Produto_D,Alimentos,Rio Grande,569.37,1,569.37
V0691,2023-11-04 07:16:35,Cliente_72,Produto_D,Eletrônicos,Erechim,166.11,2,332.22
V0692,2023-02-23 17:28:14,Cliente_90,Produto_D,Móveis,Rio Grande,536.61,1,536.61
V0693,2023-10-28 13:46:01,Cliente_1,Produto_C,Roupas,Erechim,268.62,4,1074.48
V0694,2024-08-19 20:07:46,Cliente_83,Produto_A,Roupas,Erechim,91.55,2,183.1
V0695,2024-01-05 13:04:50,Cliente_121,Produto_C,Eletrônicos,Erechim,636.14,3,1908.42
V0696,2023-08-06 16:25:43,Cliente_52,Produto_B,Roupas,Curitiba,230.92,1,230.92
V0697,2023-06-20 02:29:07,Cliente_15,Produto_A,Eletrônicos,Curitiba,916.63,5,4583.15
V0698,2024-07-07 04:18:00,Cliente_131,Produto_D,Roupas,Curitiba,130.6,2,261.2
V0699,2024-12-16 16:45:20,Cliente_127,Produto_E,Alimentos,Rio Grande,227.56,5,1137.8
V0700,2024-01-11 09:38:24,Cliente_161,Produto_A,Alimentos,Erechim,319.75,4,1279.0
V0701,2023-10-17 08:54:53,Cliente_85,Produto_C,Eletrônicos,Rio Grande,460.22,3,1380.66
V0702,2024-03-11 09:22:30,Cliente_108,Produto_A,Móveis,Erechim,944.7,5,4723.5
V0703,2024-03-27 13:07:15,Cliente_29,Produto_E,Eletrônicos,Rio Grande,117.84,5,589.2
V0704,2023-06-08 21:23:52,Cliente_33,Produto_C,Eletrônicos,Erechim,687.63,5,3438.15
V0705,2024-04-07 16:12:48,Cliente_34,Produto_D,Alimentos,Rio Grande,766.29,5,3831.45
V0706,2023-03-19 16:19:03,Cliente_16,Produto_E,Alimentos,Erechim,645.19,1,645.19
V0707,2023-09-02 15:15:18,Cliente_98,Produto_B,Roupas,Erechim,735.73,3,2207.19
V0708,2024-11-27 06:20:31,Cliente_81,Produto_C,Eletrônicos,Erechim,837.68,1,837.68
V0709,2023-10-23 13:40:36,Cliente_37,Produto_E,Beleza,Curitiba,785.36,5,3926.8
V0710,2024-03-12 09:47:49,Cliente_51,Produto_C,Móveis,Curitiba,946.13,3,2838.39
V0711,2023-08-14 00:39:18,Cliente_199,Produto_C,Eletrônicos,Curitiba,674.58,1,674.58
V0712,2023-10-02 08:00:27,Cliente_23,Produto_D,Eletrônicos,Rio Grande,834.45,2,1668.9
V0713,2023-02-18 05:31:22,Cliente_22,Produto_D,Alimentos,Erechim,759.09,5,107.27
V0714,2024-05-22 19:53:05,Cliente_137,Produto_D,Móveis,Rio Grande,91.98,3,275.94
V0715,2024-01-25 11:49:32,Cliente_106,Produto_A,Alimentos,Erechim,587.48,1,587.48
V0716,2023-11-02 13:15:16,Cliente_120,Produto_C,Roupas,Rio Grande,610.66,3,1831.98
V0717,2023-12-29 12:18:11,Cliente_23,Produto_C,Eletrônicos,Erechim,407.9,4,1631.6
V0718,2023-11-05 21:03:25,Cliente_41,Produto_A,Eletrônicos,Rio Grande,870.58,4,3482.32
V0719,2024-01-23 04:08:17,Cliente_175,Produto_E,Alimentos,Erechim,931.91,5,4659.55
V0720,2023-05-08 04:13:39,Cliente_58,Produto_C,Eletrônicos,Erechim,144.04,1,144.04
V0721,2024-04-02 12:58:39,Cliente_67,Produto_B,Eletrônicos,Erechim,653.73,5,3268.65
V0722,2024-12-12 16:35:29,Cliente_153,Produto_A,Beleza,Curitiba,499.38,1,499.38
V0723,2023-08-19 08:35:39,Cliente_155,Produto_B,Eletrônicos,Curitiba,132.93,2,265.86
V0724,2023-06-13 18:15:00,Cliente_110,Produto_A,Roupas,Curitiba,838.59,2,1677.18
V0725,2024-04-05 08:44:12,Cliente_54,Produto_C,Beleza,Rio Grande,647.7,3,107.27
V0726,2024-11-28 22:58:59,Cliente_197,Produto_D,Roupas,Erechim,535.59,4,2142.36
V0727,2024-08-04 08:35:32,Cliente_4,Produto_D,Roupas,Rio Grande,113.32,3,339.96
V0728,2024-10-08 12:51:38,Cliente_188,Produto_E,Eletrônicos,Erechim,387.25,3,1161.75
V0729,2023-11-24 05:46:52,Cliente_161,Produto_B,Roupas,Rio Grande,255.59,1,255.59
V0730,2023-05-29 03:17:55,Cliente_55,Produto_C,Eletrônicos,Erechim,954.07,3,2862.21
V0731,2024-04-22 00:46:18,Cliente_80,Produto_E,Beleza,Rio Grande,978.74,4,3914.96
V0732,2024-02-02 10:47:36,Cliente_32,Produto_A,Eletrônicos,Erechim,106.21,2,212.42
V0733,2023-04-14 19:21:12,Cliente_113,Produto_B,Eletrônicos,Erechim,804.33,5,4021.65
V0734,2023-04-04 03:26:12,Cliente_32,Produto_A,Móveis,Erechim,113.13,5,565.65
V0735,2024-01-06 17:49:57,Cliente_123,Produto_E,Móveis,Curitiba,89.02,3,267.06
V0736,2024-12-27 11:05:18,Cliente_31,Produto_E,Roupas,Curitiba,995.05,4,3980.2
V0737,2024-06-14 01:17:21,Cliente_107,Produto_B,Móveis,Curitiba,397.85,4,1591.4
V0738,2024-08-20 06:37:35,Cliente_30,Produto_C,Móveis,Rio Grande,360.52,1,360.52
V0739,2024-04-14 00:34:35,Cliente_163,Produto_E,Móveis,Erechim,654.25,3,1962.75
V0740,2023-06-09 07:16:56,Cliente_120,Produto_E,Móveis,Rio Grande,80.94,4,323.76
V0741,2024-10-02 10:07:59,Cliente_187,Produto_A,Beleza,Erechim,514.63,1,514.63
V0742,2024-04-02 05:35:41,Cliente_33,Produto_A,Eletrônicos,Rio Grande,178.82,4,715.28
V0743,2024-11-01 04:33:31,Cliente_190,Produto_C,Eletrônicos,Erechim,716.87,5,3584.35
V0744,2023-05-11 10:47:21,Cliente_63,Produto_A,Roupas,Rio Grande,954.0,1,954.0
V0745,2023-03-11 22:52:32,Cliente_169,Produto_D,Beleza,Erechim,919.13,2,1838.26
V0746,2024-04-04 07:51:52,Cliente_57,Produto_C,Móveis,Erechim,812.81,1,812.81
V0747,2024-10-26 16:25:08,Cliente_174,Produto_D,Móveis,Erechim,547.54,3,1642.62
V0748,2023-07-23 03:49:16,Cliente_69,Produto_C,Beleza,Curitiba,161.17,1,161.17
V0749,2023-11-14 14:58:10,Cliente_78,Produto_A,Móveis,Curitiba,708.65,3,2125.95
V0750,2024-05-13 17:34:57,Cliente_95,Produto_C,Roupas,Curitiba,612.62,3,107.27
V0751,2023-03-06 12:10:05,Cliente_38,Produto_C,Móveis,Rio Grande,832.19,1,832.19
V0752,2023-10-20 14:06:12,Cliente_109,Produto_A,Eletrônicos,Erechim,990.51,2,1981.02
V0753,2024-08-16 15:37:03,Cliente_134,Produto_D,Eletrônicos,Rio Grande,114.49,5,107.27
V0754,2024-09-30 11:32:47,Cliente_122,Produto_C,Beleza,Erechim,968.85,5,4844.25
V0755,2024-03-27 20:37:25,Cliente_176,Produto_B,Beleza,Rio Grande,669.2,4,2676.8
V0756,2024-04-15 23:15:56,Cliente_32,Produto_E,Roupas,Erechim,287.94,3,107.27
V0757,2024-10-29 06:13:59,Cliente_178,Produto_B,Móveis,Rio Grande,809.84,5,107.27
V0758,2024-09-08 02:46:47,Cliente_62,Produto_B,Alimentos,Erechim,626.98,5,3134.9
V0759,2023-05-03 00:00:53,Cliente_145,Produto_A,Eletrônicos,Erechim,480.65,3,107.27
V0760,2023-01-07 03:42:50,Cliente_37,Produto_C,Alimentos,Erechim,795.79,2,1591.58
V0761,2024-04-07 18:05:58,Cliente_29,Produto_D,Beleza,Curitiba,126.13,2,252.26
V0762,2023-06-07 19:16:14,Cliente_96,Produto_E,Eletrônicos,Curitiba,324.04,5,1620.2
V0763,2024-03-16 05:56:34,Cliente_22,Produto_E,Beleza,Curitiba,760.16,3,2280.48
V0764,2023-10-14 00:57:10,Cliente_62,Produto_B,Alimentos,Rio Grande,568.61,5,2843.05
V0765,2024-10-19 19:20:36,Cliente_107,Produto_D,Eletrônicos,Erechim,774.92,2,1549.84
V0766,2024-09-23 09:59:34,Cliente_146,Produto_E,Alimentos,Rio Grande,272.65,2,545.3
V0767,2023-10-30 11:18:25,Cliente_130,Produto_E,Alimentos,Curitiba,601.66,1,601.66
V0768,2023-02-01 03:23:26,Cliente_51,Produto_D,Alimentos,Curitiba,139.36,1,139.36
V0769,2023-01-29 12:57:07,Cliente_167,Produto_C,Roupas,Curitiba,477.14,1,477.14
V0770,2023-06-29 21:43:14,Cliente_100,Produto_B,Beleza,Rio Grande,888.22,2,1776.44
V0771,2023-04-02 15:35:31,Cliente_81,Produto_E,Alimentos,Erechim,682.34,5,107.27
V0772,2024-12-25 21:08:05,Cliente_123,Produto_E,Roupas,Rio Grande,623.64,2,1247.28
V0773,2023-04-18 10:12:12,Cliente_74,Produto_E,Beleza,Erechim,535.08,1,535.08
V0774,2024-07-29 23:51:45,Cliente_46,Produto_C,Móveis,Rio Grande,738.09,2,1476.18
V0775,2024-02-14 10:24:43,Cliente_73,Produto_A,Eletrônicos,Erechim,164.92,4,659.68
V0776,2024-08-26 16:34:01,Cliente_53,Produto_E,Eletrônicos,Rio Grande,369.19,4,1476.76
V0777,2023-05-19 11:37:22,Cliente_76,Produto_E,Beleza,Erechim,774.18,4,3096.72
V0778,2024-08-31 06:44:36,Cliente_137,Produto_D,Alimentos,Erechim,696.81,1,696.81
V0779,2023-10-09 15:57:53,Cliente_68,Produto_B,Beleza,Erechim,912.57,5,4562.85
V0780,2024-10-23 23:18:19,Cliente_86,Produto_C,Móveis,Curitiba,882.45,5,4412.25
V0781,2024-03-10 19:06:10,Cliente_131,Produto_A,Eletrônicos,Curitiba,795.34,1,795.34
V0782,2024-12-24 23:45:12,Cliente_8,Produto_A,Alimentos,Curitiba,656.79,2,1313.58
V0783,2024-07-01 09:43:53,Cliente_142,Produto_B,Alimentos,Rio Grande,177.42,4,709.68
V0784,2024-11-20 07:29:40,Cliente_139,Produto_D,Beleza,Erechim,268.31,3,107.27
V0785,2023-01-29 12:45:49,Cliente_186,Produto_A,Beleza,Rio Grande,609.3,5,3046.5
V0786,2024-07-21 18:35:37,Cliente_19,Produto_D,Roupas,Erechim,934.82,4,3739.28
V0787,2024-09-21 05:52:07,Cliente_188,Produto_D,Alimentos,Rio Grande,78.12,4,312.48
V0788,2024-06-01 19:42:10,Cliente_47,Produto_E,Móveis,Erechim,863.29,2,1726.58
V0789,2024-03-27 19:35:47,Cliente_12,Produto_D,Beleza,Rio Grande,708.91,2,1417.82
V0790,2023-01-30 21:56:14,Cliente_21,Produto_B,Eletrônicos,Erechim,149.16,2,298.32
V0791,2024-12-01 19:53:38,Cliente_120,Produto_E,Móveis,Erechim,505.65,5,2528.25
V0792,2023-06-26 08:16:26,Cliente_77,Produto_E,Roupas,Erechim,825.76,5,4128.8
V0793,2023-07-27 16:36:35,Cliente_152,Produto_E,Móveis,Curitiba,221.87,3,665.61
V0794,2024-03-02 10:40:46,Cliente_146,Produto_A,Beleza,Curitiba,59.9,4,239.6
V0795,2024-09-17 05:51:23,Cliente_183,Produto_C,Móveis,Curitiba,245.21,2,490.42
V0796,2024-12-20 17:55:20,Cliente_91,Produto_D,Eletrônicos,Rio Grande,119.2,4,476.8
V0797,2023-10-29 02:49:45,Cliente_72,Produto_D,Roupas,Erechim,437.43,5,2187.15
V0798,2024-12-24 10:07:14,Cliente_73,Produto_B,Roupas,Rio Grande,417.53,4,1670.12
V0799,2024-05-26 00:50:57,Cliente_37,Produto_C,Beleza,Erechim,778.96,3,2336.88
V0800,2024-02-28 21:43:48,Cliente_194,Produto_A,Beleza,Rio Grande,82.39,1,82.39
V0801,2024-01-08 19:19:46,Cliente_133,Produto_D,Roupas,Erechim,999.97,4,3999.88
V0802,2023-08-22 01:31:29,Cliente_83,Produto_E,Eletrônicos,Rio Grande,229.13,1,229.13
V0803,2024-09-24 12:25:18,Cliente_118,Produto_B,Alimentos,Erechim,575.18,1,575.18
V0804,2023-09-08 13:00:33,Cliente_97,Produto_C,Móveis,Erechim,33.81,1,33.81
V0805,2024-07-21 20:50:22,Cliente_81,Produto_A,Eletrônicos,Erechim,209.66,4,838.64
V0806,2023-11-23 13:06:39,Cliente_91,Produto_D,Beleza,Curitiba,484.76,3,1454.28
V0807,2024-12-20 07:54:14,Cliente_62,Produto_D,Roupas,Curitiba,670.36,3,2011.08
V0808,2024-08-23 17:23:45,Cliente_181,Produto_B,Roupas,Curitiba,807.01,1,807.01
V0809,2023-09-16 06:32:03,Cliente_13,Produto_C,Eletrônicos,Rio Grande,763.77,5,3818.85
V0810,2024-09-29 15:40:56,Cliente_8,Produto_C,Roupas,Erechim,533.63,2,1067.26
V0811,2024-09-27 18:37:56,Cliente_193,Produto_D,Eletrônicos,Rio Grande,135.1,2,270.2
V0812,2024-04-28 01:16:17,Cliente_28,Produto_D,Beleza,Erechim,518.06,3,107.27
V0813,2024-11-26 14:45:41,Cliente_73,Produto_E,Roupas,Rio Grande,553.44,5,107.27
V0814,2024-03-16 03:32:01,Cliente_191,Produto_B,Alimentos,Erechim,743.06,2,1486.12
V0815,2024-10-24 19:55:55,Cliente_65,Produto_C,Alimentos,Rio Grande,64.39,4,257.56
V0816,2023-03-31 15:40:35,Cliente_51,Produto_C,Móveis,Erechim,530.38,3,107.27
V0817,2023-10-29 14:46:47,Cliente_147,Produto_D,Beleza,Erechim,376.24,4,1504.96
V0818,2023-09-21 09:25:48,Cliente_42,Produto_D,Beleza,Erechim,623.1,3,107.27
V0819,2024-05-12 12:55:21,Cliente_186,Produto_D,Beleza,Curitiba,253.49,4,1013.96
V0820,2023-05-21 20:45:20,Cliente_181,Produto_D,Beleza,Curitiba,965.26,5,4826.3
V0821,2023-06-17 17:33:23,Cliente_91,Produto_A,Eletrônicos,Curitiba,47.06,2,94.12
V0822,2024-05-21 18:39:48,Cliente_137,Produto_A,Roupas,Rio Grande,848.34,5,4241.7
V0823,2023-10-09 00:44:12,Cliente_194,Produto_C,Roupas,Erechim,567.53,4,2270.12
V0824,2024-10-11 17:40:13,Cliente_76,Produto_C,Beleza,Rio Grande,571.35,2,1142.7
V0825,2023-06-17 02:16:43,Cliente_22,Produto_E,Móveis,Erechim,983.36,4,3933.44
V0826,2023-04-22 10:21:35,Cliente_67,Produto_E,Beleza,Rio Grande,231.6,3,694.8
V0827,2024-03-30 19:38:57,Cliente_82,Produto_B,Beleza,Erechim,964.04,2,1928.08
V0828,2023-05-12 00:55:23,Cliente_56,Produto_A,Eletrônicos,Rio Grande,969.59,2,1939.18
V0829,2024-12-09 14:34:22,Cliente_50,Produto_A,Roupas,Erechim,834.96,3,2504.88
V0830,2024-11-07 05:13:31,Cliente_66,Produto_D,Móveis,Erechim,584.51,5,2922.55
V0831,2024-10-17 03:22:49,Cliente_114,Produto_A,Alimentos,Erechim,255.37,2,510.74
V0832,2023-07-27 05:03:18,Cliente_96,Produto_B,Móveis,Curitiba,652.61,2,1305.22
V0833,2023-04-01 17:24:56,Cliente_94,Produto_A,Eletrônicos,Curitiba,834.78,3,2504.34
V0834,2024-03-23 18:17:16,Cliente_50,Produto_B,Alimentos,Curitiba,441.37,5,2206.85
V0835,2023-07-14 13:57:02,Cliente_49,Produto_A,Eletrônicos,Rio Grande,327.69,3,107.27
V0836,2024-04-20 17:05:19,Cliente_50,Produto_E,Alimentos,Erechim,256.06,3,107.27
V0837,2023-09-24 12:03:46,Cliente_45,Produto_B,Beleza,Rio Grande,626.63,5,3133.15
V0838,2023-06-10 10:26:55,Cliente_133,Produto_D,Móveis,Erechim,722.08,4,2888.32
V0839,2024-11-17 02:30:31,Cliente_195,Produto_B,Alimentos,Rio Grande,503.04,1,503.04
V0840,2023-03-27 08:04:48,Cliente_124,Produto_B,Alimentos,Erechim,295.79,1,295.79
V0841,2024-09-03 04:23:09,Cliente_28,Produto_A,Alimentos,Rio Grande,797.85,4,3191.4
V0842,2023-08-20 22:19:49,Cliente_180,Produto_D,Móveis,Erechim,64.17,2,128.34
V0843,2023-10-31 03:35:34,Cliente_142,Produto_B,Beleza,Erechim,934.26,1,934.26
V0844,2024-06-29 02:21:39,Cliente_67,Produto_B,Alimentos,Erechim,309.11,2,618.22
V0845,2024-05-04 20:37:12,Cliente_165,Produto_C,Eletrônicos,Curitiba,127.01,2,254.02
V0846,2024-11-19 06:27:55,Cliente_171,Produto_C,Beleza,Curitiba,740.87,1,740.87
V0847,2023-10-04 19:11:44,Cliente_12,Produto_A,Alimentos,Curitiba,670.76,4,2683.04
V0848,2023-01-04 01:41:19,Cliente_185,Produto_D,Eletrônicos,Rio Grande,396.77,5,1983.85
V0849,2024-07-05 03:17:31,Cliente_103,Produto_C,Eletrônicos,Erechim,284.69,5,1423.45
V0850,2024-05-04 21:31:51,Cliente_126,Produto_E,Alimentos,Rio Grande,557.41,3,1672.23
V0851,2024-01-30 08:28:40,Cliente_114,Produto_B,Eletrônicos,Curitiba,628.07,5,107.27
V0852,2024-05-19 08:42:54,Cliente_125,Produto_A,Roupas,Curitiba,932.13,2,1864.26
V0853,2024-10-29 11:45:54,Cliente_154,Produto_E,Beleza,Curitiba,897.01,1,897.01
V0854,2024-04-20 02:09:15,Cliente_21,Produto_A,Beleza,Rio Grande,376.09,4,1504.36
V0855,2024-05-22 03:07:12,Cliente_136,Produto_B,Roupas,Erechim,696.99,3,107.27
V0856,2024-08-04 16:03:40,Cliente_76,Produto_B,Móveis,Rio Grande,909.12,3,2727.36
V0857,2023-09-27 00:29:16,Cliente_158,Produto_E,Móveis,Erechim,318.18,4,1272.72
V0858,2023-07-10 00:02:50,Cliente_103,Produto_D,Beleza,Rio Grande,997.38,5,4986.9
V0859,2024-09-24 00:14:11,Cliente_19,Produto_E,Roupas,Erechim,869.79,2,1739.58
V0860,2024-06-18 16:42:18,Cliente_15,Produto_D,Móveis,Rio Grande,729.07,2,1458.14
V0861,2023-11-21 02:50:56,Cliente_130,Produto_C,Eletrônicos,Erechim,321.13,4,1284.52
V0862,2023-08-26 19:49:20,Cliente_84,Produto_B,Roupas,Erechim,429.36,4,1717.44
V0863,2023-10-01 12:39:40,Cliente_36,Produto_D,Alimentos,Erechim,441.34,3,1324.02
V0864,2024-05-29 10:48:22,Cliente_137,Produto_D,Roupas,Curitiba,157.26,2,314.52
V0865,2023-01-16 22:00:33,Cliente_114,Produto_D,Beleza,Curitiba,461.5,2,923.0
V0866,2024-01-04 05:27:22,Cliente_153,Produto_E,Roupas,Curitiba,596.62,5,2983.1
V0867,2024-04-05 06:09:57,Cliente_132,Produto_E,Móveis,Rio Grande,459.02,1,459.02
V0868,2023-01-14 21:45:59,Cliente_143,Produto_A,Alimentos,Erechim,199.18,5,107.27
V0869,2023-05-09 09:10:02,Cliente_43,Produto_A,Roupas,Rio Grande,56.77,5,283.85
V0870,2024-06-05 23:54:26,Cliente_6,Produto_C,Móveis,Erechim,71.82,4,287.28
V0871,2024-10-05 20:13:41,Cliente_25,Produto_E,Alimentos,Rio Grande,119.51,1,119.51
V0872,2023-04-18 07:00:53,Cliente_121,Produto_D,Móveis,Erechim,531.07,1,531.07
V0873,2023-08-31 16:06:03,Cliente_145,Produto_B,Roupas,Rio Grande,535.86,2,1071.72
V0874,2023-09-02 00:40:42,Cliente_97,Produto_E,Alimentos,Erechim,238.0,5,1190.0
V0875,2023-06-28 12:49:31,Cliente_47,Produto_C,Eletrônicos,Erechim,305.71,5,1528.55
V0876,2024-03-28 09:52:07,Cliente_115,Produto_A,Eletrônicos,Erechim,167.35,1,167.35
V0877,2023-09-30 10:37:35,Cliente_84,Produto_B,Roupas,Curitiba,449.9,2,899.8
V0878,2024-04-01 03:35:50,Cliente_60,Produto_C,Beleza,Curitiba,73.63,4,294.52
V0879,2023-11-30 12:58:41,Cliente_122,Produto_E,Eletrônicos,Curitiba,579.59,5,107.27
V0880,2024-09-01 17:11:57,Cliente_174,Produto_E,Beleza,Rio Grande,20.72,1,20.72
V0881,2023-10-07 09:11:10,Cliente_21,Produto_E,Roupas,Erechim,195.32,5,107.27
V0882,2024-05-22 15:20:55,Cliente_179,Produto_A,Beleza,Rio Grande,515.96,3,1547.88
V0883,2023-06-20 11:31:54,Cliente_190,Produto_D,Eletrônicos,Erechim,451.8,4,1807.2
V0884,2023-01-09 17:42:02,Cliente_148,Produto_C,Eletrônicos,Rio Grande,609.48,1,609.48
V0885,2024-03-22 23:28:44,Cliente_83,Produto_D,Roupas,Erechim,92.24,2,184.48
V0886,2023-03-19 06:29:37,Cliente_25,Produto_C,Beleza,Rio Grande,80.43,1,80.43
V0887,2024-03-10 15:32:59,Cliente_128,Produto_A,Beleza,Erechim,745.65,4,2982.6
V0888,2024-11-27 01:52:46,Cliente_184,Produto_B,Móveis,Erechim,600.88,5,3004.4
V0889,2023-12-07 18:54:27,Cliente_157,Produto_A,Beleza,Erechim,888.09,3,2664.27
V0890,2023-07-07 14:02:24,Cliente_82,Produto_C,Alimentos,Curitiba,431.49,3,1294.47
V0891,2024-06-12 07:00:03,Cliente_152,Produto_D,Beleza,Curitiba,36.27,3,108.81
V0892,2024-03-01 12:10:15,Cliente_107,Produto_B,Alimentos,Curitiba,642.16,5,107.27
V0893,2024-06-24 05:26:08,Cliente_80,Produto_E,Móveis,Rio Grande,884.95,4,3539.8
V0894,2024-12-02 08:56:46,Cliente_102,Produto_D,Roupas,Erechim,100.52,4,402.08
V0895,2024-01-06 14:39:21,Cliente_75,Produto_C,Alimentos,Rio Grande,935.38,3,2806.14
V0896,2023-02-13 22:37:36,Cliente_175,Produto_B,Alimentos,Erechim,934.43,2,1868.86
V0897,2024-05-06 04:28:58,Cliente_125,Produto_E,Móveis,Rio Grande,786.58,1,786.58
V0898,2023-10-02 03:42:13,Cliente_186,Produto_A,Alimentos,Erechim,197.09,2,394.18
V0899,2023-04-18 22:25:14,Cliente_190,Produto_E,Beleza,Rio Grande,703.88,1,703.88
V0900,2023-06-07 13:06:59,Cliente_37,Produto_C,Móveis,Erechim,316.68,1,316.68
V0901,2024-07-08 10:38:12,Cliente_98,Produto_B,Alimentos,Erechim,483.87,4,1935.48
V0902,2023-04-22 16:56:45,Cliente_196,Produto_A,Beleza,Erechim,435.24,5,2176.2
V0903,2024-04-11 22:12:17,Cliente_97,Produto_B,Eletrônicos,Curitiba,498.8,2,997.6
V0904,2024-09-19 11:41:33,Cliente_80,Produto_D,Móveis,Curitiba,191.06,2,382.12
V0905,2023-07-09 09:20:52,Cliente_146,Produto_A,Móveis,Curitiba,755.69,1,755.69
V0906,2023-01-20 23:45:51,Cliente_119,Produto_A,Roupas,Rio Grande,455.67,4,1822.68
V0907,2024-09-09 10:28:23,Cliente_132,Produto_A,Roupas,Erechim,414.78,5,107.27
V0908,2024-06-25 08:01:05,Cliente_119,Produto_C,Roupas,Rio Grande,53.2,2,106.4
V0909,2024-03-04 23:05:50,Cliente_52,Produto_D,Roupas,Erechim,155.17,2,310.34
V0910,2024-02-15 11:31:50,Cliente_169,Produto_E,Alimentos,Rio Grande,527.23,1,527.23
V0911,2023-10-24 05:31:07,Cliente_10,Produto_A,Alimentos,Erechim,407.09,3,1221.27
V0912,2023-01-31 22:16:06,Cliente_166,Produto_D,Roupas,Rio Grande,86.77,1,86.77
V0913,2023-08-11 00:50:25,Cliente_94,Produto_E,Beleza,Erechim,507.52,3,1522.56
V0914,2024-03-11 03:37:16,Cliente_108,Produto_C,Roupas,Erechim,696.06,1,696.06
V0915,2023-06-10 03:17:26,Cliente_153,Produto_A,Alimentos,Erechim,78.31,2,156.62
V0916,2024-02-27 19:03:44,Cliente_67,Produto_D,Beleza,Curitiba,963.27,2,1926.54
V0917,2024-09-22 01:54:41,Cliente_148,Produto_E,Alimentos,Curitiba,113.46,1,113.46
V0918,2023-08-01 10:32:10,Cliente_74,Produto_E,Alimentos,Curitiba,110.09,5,550.45
V0919,2024-12-04 17:26:34,Cliente_91,Produto_A,Alimentos,Rio Grande,226.96,1,226.96
V0920,2024-04-16 18:43:22,Cliente_38,Produto_E,Eletrônicos,Erechim,448.26,5,2241.3
V0921,2023-10-20 10:32:13,Cliente_33,Produto_D,Roupas,Rio Grande,117.71,4,470.84
V0922,2023-02-20 03:03:39,Cliente_8,Produto_D,Roupas,Erechim,135.91,3,407.73
V0923,2024-12-02 17:25:12,Cliente_129,Produto_A,Eletrônicos,Rio Grande,116.38,3,349.14
V0924,2024-07-30 22:40:25,Cliente_23,Produto_E,Eletrônicos,Erechim,221.86,2,443.72
V0925,2024-07-09 23:50:31,Cliente_63,Produto_C,Móveis,Rio Grande,974.17,5,107.27
V0926,2024-01-15 00:26:55,Cliente_3,Produto_E,Beleza,Erechim,592.58,5,2962.9
V0927,2023-12-07 13:57:32,Cliente_161,Produto_A,Roupas,Erechim,625.09,1,625.09
V0928,2023-04-18 04:18:48,Cliente_82,Produto_C,Eletrônicos,Erechim,597.36,3,1792.08
V0929,2023-12-04 22:12:02,Cliente_143,Produto_D,Móveis,Curitiba,608.24,1,608.24
V0930,2023-06-07 20:46:56,Cliente_80,Produto_C,Alimentos,Curitiba,689.39,3,2068.17
V0931,2024-01-09 10:36:40,Cliente_161,Produto_E,Móveis,Curitiba,108.67,2,217.34
V0932,2024-06-10 09:06:09,Cliente_129,Produto_E,Móveis,Rio Grande,86.4,3,107.27
V0933,2023-11-18 22:26:09,Cliente_64,Produto_A,Roupas,Erechim,586.82,1,586.82
V0934,2024-01-10 18:04:36,Cliente_14,Produto_D,Alimentos,Rio Grande,630.23,1,630.23
V0935,2024-11-13 08:09:37,Cliente_156,Produto_C,Alimentos,Curitiba,291.95,4,1167.8
V0936,2023-05-08 16:33:00,Cliente_173,Produto_D,Roupas,Curitiba,829.06,2,1658.12
V0937,2023-11-20 00:49:57,Cliente_72,Produto_E,Eletrônicos,Curitiba,73.7,1,73.7
V0938,2024-12-02 09:26:23,Cliente_177,Produto_B,Roupas,Rio Grande,841.03,2,1682.06
V0939,2023-07-03 14:47:27,Cliente_87,Produto_A,Móveis,Erechim,877.58,4,3510.32
V0940,2024-02-22 22:41:35,Cliente_18,Produto_D,Alimentos,Rio Grande,622.04,3,1866.12
V0941,2023-10-02 19:23:18,Cliente_147,Produto_A,Móveis,Erechim,929.09,2,1858.18
V0942,2023-03-12 09:37:43,Cliente_65,Produto_E,Roupas,Rio Grande,100.5,3,301.5
V0943,2023-06-02 13:51:39,Cliente_175,Produto_A,Móveis,Erechim,569.53,2,1139.06
V0944,2023-06-26 12:38:57,Cliente_161,Produto_B,Eletrônicos,Rio Grande,623.55,1,623.55
V0945,2024-05-14 20:41:00,Cliente_76,Produto_D,Alimentos,Erechim,233.21,1,233.21
V0946,2024-07-04 20:04:23,Cliente_12,Produto_B,Móveis,Erechim,436.2,2,872.4
V0947,2024-04-27 04:25:21,Cliente_40,Produto_B,Móveis,Erechim,331.27,1,331.27
V0948,2024-12-12 18:25:15,Cliente_151,Produto_B,Móveis,Curitiba,868.8,4,3475.2
V0949,2023-06-23 02:04:03,Cliente_152,Produto_E,Beleza,Curitiba,742.46,2,1484.92
V0950,2023-04-12 21:04:48,Cliente_124,Produto_C,Roupas,Curitiba,462.68,3,1388.04
V0951,2024-05-02 19:14:57,Cliente_34,Produto_E,Móveis,Rio Grande,407.68,3,1223.04
V0952,2024-05-13 15:48:32,Cliente_153,Produto_A,Roupas,Erechim,293.6,5,1468.0
V0953,2024-10-04 10:44:55,Cliente_196,Produto_D,Eletrônicos,Rio Grande,964.24,2,1928.48
V0954,2023-08-26 09:29:29,Cliente_73,Produto_B,Alimentos,Erechim,269.13,4,1076.52
V0955,2023-09-04 10:09:59,Cliente_142,Produto_A,Eletrônicos,Rio Grande,87.29,4,349.16
V0956,2024-09-07 02:10:16,Cliente_31,Produto_C,Beleza,Erechim,474.84,2,949.68
V0957,2023-11-10 00:30:38,Cliente_153,Produto_C,Alimentos,Rio Grande,406.86,2,813.72
V0958,2024-04-12 21:00:21,Cliente_119,Produto_C,Móveis,Erechim,112.64,5,563.2
V0959,2023-11-05 23:51:16,Cliente_139,Produto_D,Beleza,Erechim,452.4,5,2262.0
V0960,2023-09-10 08:21:08,Cliente_103,Produto_B,Roupas,Erechim,365.35,5,1826.75
V0961,2024-11-08 04:30:02,Cliente_65,Produto_B,Eletrônicos,Curitiba,668.36,2,1336.72
V0962,2024-10-01 16:31:57,Cliente_161,Produto_D,Eletrônicos,Curitiba,852.46,1,852.46
V0963,2024-01-26 12:02:04,Cliente_65,Produto_C,Eletrônicos,Curitiba,416.81,1,416.81
V0964,2023-12-27 06:59:49,Cliente_31,Produto_A,Roupas,Rio Grande,713.58,5,3567.9
V0965,2023-02-16 12:14:13,Cliente_33,Produto_D,Beleza,Erechim,341.39,5,107.27
V0966,2024-11-15 17:53:24,Cliente_169,Produto_A,Roupas,Rio Grande,596.18,3,1788.54
V0967,2024-03-09 15:39:04,Cliente_84,Produto_B,Beleza,Erechim,292.06,4,1168.24
V0968,2024-06-28 22:15:10,Cliente_137,Produto_A,Beleza,Rio Grande,890.28,4,3561.12
V0969,2024-04-20 05:26:20,Cliente_195,Produto_E,Alimentos,Erechim,332.28,5,107.27
V0970,2023-12-24 02:55:52,Cliente_26,Produto_D,Roupas,Rio Grande,35.98,2,71.96
V0971,2024-05-07 09:24:17,Cliente_155,Produto_B,Eletrônicos,Erechim,179.82,1,179.82
V0972,2023-10-09 17:55:13,Cliente_59,Produto_B,Alimentos,Erechim,858.28,1,858.28
V0973,2023-05-17 22:51:42,Cliente_76,Produto_C,Móveis,Erechim,898.72,5,4493.6
V0974,2023-02-09 20:22:49,Cliente_77,Produto_A,Eletrônicos,Curitiba,833.58,4,3334.32
V0975,2024-09-19 14:20:20,Cliente_100,Produto_A,Roupas,Curitiba,477.64,2,955.28
V0976,2024-10-03 09:15:34,Cliente_29,Produto_A,Beleza,Curitiba,370.54,2,741.08
V0977,2023-07-11 06:58:29,Cliente_93,Produto_B,Alimentos,Curitiba,283.27,1,283.27
V0978,2023-10-27 09:49:14,Cliente_160,Produto_B,Móveis,Curitiba,739.04,5,3695.2
V0979,2023-09-21 20:37:08,Cliente_96,Produto_E,Roupas,Rio Grande,540.56,4,2162.24
V0980,2024-04-21 15:25:09,Cliente_109,Produto_A,Eletrônicos,Erechim,661.46,4,2645.84
V0981,2023-04-25 18:15:02,Cliente_122,Produto_E,Roupas,Rio Grande,232.78,2,465.56
V0982,2024-04-26 05:03:06,Cliente_159,Produto_E,Beleza,Erechim,637.43,1,637.43
V0983,2024-01-16 22:24:14,Cliente_16,Produto_B,Eletrônicos,Rio Grande,868.61,1,868.61
V0984,2023-12-18 12:45:13,Cliente_19,Produto_A,Móveis,Erechim,543.59,3,1630.77
V0985,2023-08-13 19:06:29,Cliente_20,Produto_E,Alimentos,Rio Grande,495.9,5,2479.5
V0986,2024-09-14 21:25:58,Cliente_87,Produto_A,Móveis,Erechim,195.13,3,585.39
V0987,2023-05-04 21:15:20,Cliente_59,Produto_A,Alimentos,Erechim,502.67,1,502.67
V0988,2024-10-14 10:42:52,Cliente_58,Produto_E,Roupas,Erechim,251.04,1,251.04
V0989,2024-02-02 18:11:46,Cliente_48,Produto_E,Roupas,Curitiba,166.98,4,667.92
V0990,2024-12-24 05:57:37,Cliente_190,Produto_E,Beleza,Curitiba,903.1,4,3612.4
V0991,2023-05-08 02:56:39,Cliente_53,Produto_D,Roupas,Curitiba,864.92,5,107.27
V0992,2024-01-27 18:21:00,Cliente_16,Produto_A,Roupas,Rio Grande,664.99,4,2659.96
V0993,2024-12-26 10:48:31,Cliente_96,Produto_D,Alimentos,Erechim,285.76,2,571.52
V0994,2023-09-12 16:27:10,Cliente_81,Produto_D,Roupas,Rio Grande,119.87,5,599.35
V0995,2024-07-15 18:36:54,Cliente_170,Produto_B,Roupas,Erechim,978.15,3,2934.45
V0996,2023-09-17 09:08:14,Cliente_170,Produto_A,Roupas,Rio Grande,64.78,1,64.78
V0997,2023-06-29 20:01:45,Cliente_79,Produto_A,Eletrônicos,Erechim,578.77,1,578.77
V0998,2024-06-21 08:02:47,Cliente_127,Produto_D,Roupas,Rio Grande,111.98,5,559.9
V0999,2023-09-16 14:27:59,Cliente_182,Produto_A,Beleza,Erechim,560.54,4,2242.16
V1000,2024-11-03 02:33:55,Cliente_173,Produto_C,Móveis,Erechim,152.37,3,457.11
